_id,name,meta.clinical.age_approx,meta.clinical.anatom_site_general,meta.clinical.benign_malignant,meta.clinical.clin_size_long_diam_mm,meta.clinical.diagnosis,meta.clinical.diagnosis_confirm_type,meta.clinical.family_hx_mm,meta.clinical.lesion_id,meta.clinical.mel_class,meta.clinical.mel_mitotic_index,meta.clinical.mel_thick_mm,meta.clinical.mel_type,meta.clinical.mel_ulcer,meta.clinical.melanocytic,meta.clinical.nevus_type,meta.clinical.patient_id,meta.clinical.personal_hx_mm,meta.clinical.sex,meta.acquisition.acquisition_day,meta.acquisition.blurry,meta.acquisition.color_tint,meta.acquisition.dermoscopic_type,meta.acquisition.hairy,meta.acquisition.image_type,meta.acquisition.marker_pen,meta.acquisition.pixelsX,meta.acquisition.pixelsY
5436e3cabae478396759f287,ISIC_0000219,35,lower extremity,benign,,nevus,,,,,,,,,True,,,,male,,,,,,dermoscopic,,962,674
5436e3cabae478396759f289,ISIC_0000220,30,lower extremity,benign,,nevus,,,,,,,,,True,,,,female,,,,,,dermoscopic,,962,674
5436e3cabae478396759f28b,ISIC_0000221,30,upper extremity,benign,,nevus,,,,,,,,,True,,,,female,,,,,,dermoscopic,,962,671
5436e3cabae478396759f28d,ISIC_0000222,25,lower extremity,benign,,nevus,,,,,,,,,True,,,,female,,,,,,dermoscopic,,966,645
5436e3cabae478396759f28f,ISIC_0000223,45,anterior torso,benign,,nevus,,,,,,,,,True,,,,female,,,,,,dermoscopic,,959,634
5436e3cbbae478396759f291,ISIC_0000224,20,anterior torso,benign,,nevus,,,,,,,,,True,,,,female,,,,,,dermoscopic,,957,640
5436e3cbbae478396759f293,ISIC_0000225,35,anterior torso,benign,,nevus,,,,,,,,,True,,,,female,,,,,,dermoscopic,,957,723
5436e3cbbae478396759f295,ISIC_0000226,70,posterior torso,benign,,nevus,,,,,,,,,True,,,,male,,,,,,dermoscopic,,964,672
5436e3cbbae478396759f297,ISIC_0000227,40,lower extremity,benign,,nevus,,,,,,,,,True,,,,female,,,,,,dermoscopic,,959,723
5436e3cbbae478396759f299,ISIC_0000228,30,anterior torso,benign,,nevus,,,,,,,,,True,,,,female,,,,,,dermoscopic,,959,639
5436e3cbbae478396759f29b,ISIC_0000229,50,anterior torso,benign,,nevus,,,,,,,,,True,,,,male,,,,,,dermoscopic,,962,641
5436e3cbbae478396759f29d,ISIC_0000230,20,anterior torso,benign,,nevus,,,,,,,,,True,,,,female,,,,,,dermoscopic,,962,674
5436e3cbbae478396759f29f,ISIC_0000231,25,posterior torso,benign,,nevus,,,,,,,,,True,,,,female,,,,,,dermoscopic,,962,723
5436e3cbbae478396759f2a1,ISIC_0000232,75,upper extremity,benign,,nevus,,,,,,,,,True,,,,male,,,,,,dermoscopic,,960,645
5436e3cbbae478396759f2a3,ISIC_0000233,60,anterior torso,benign,,nevus,,,,,,,,,True,,,,female,,,,,,dermoscopic,,962,674
5436e3ccbae478396759f2a5,ISIC_0000234,20,anterior torso,benign,,nevus,,,,,,,,,True,,,,male,,,,,,dermoscopic,,962,676
5436e3ccbae478396759f2a7,ISIC_0000235,10,lower extremity,benign,,nevus,,,,,,,,,True,,,,female,,,,,,dermoscopic,,724,542
5436e3ccbae478396759f2a9,ISIC_0000236,30,lower extremity,benign,,nevus,,,,,,,,,True,,,,male,,,,,,dermoscopic,,1024,768
5436e3ccbae478396759f2ab,ISIC_0000237,70,posterior torso,benign,,nevus,,,,,,,,,True,,,,male,,,,,,dermoscopic,,1024,768
5436e3ccbae478396759f2ad,ISIC_0000238,60,lower extremity,benign,,nevus,,,,,,,,,True,,,,male,,,,,,dermoscopic,,576,768
5436e3ccbae478396759f2af,ISIC_0000239,5,lower extremity,benign,,nevus,,,,,,,,,True,,,,female,,,,,,dermoscopic,,1024,768
5436e3ccbae478396759f2b1,ISIC_0000240,35,posterior torso,benign,,nevus,,,,,,,,,True,,,,female,,,,,,dermoscopic,,1024,768
5436e3ccbae478396759f2b3,ISIC_0000241,25,posterior torso,benign,,nevus,,,,,,,,,True,,,,male,,,,,,dermoscopic,,576,768
5436e3ccbae478396759f2b5,ISIC_0000242,60,lateral torso,benign,,nevus,,,,,,,,,True,,,,male,,,,,,dermoscopic,,1024,768
5436e3cdbae478396759f2b7,ISIC_0000243,65,posterior torso,benign,,nevus,,,,,,,,,True,,,,male,,,,,,dermoscopic,,576,768
5436e3cdbae478396759f2b9,ISIC_0000244,40,anterior torso,benign,,nevus,,,,,,,,,True,,,,male,,,,,,dermoscopic,,1024,768
5436e3cdbae478396759f2bb,ISIC_0000245,70,posterior torso,benign,,nevus,,,,,,,,,True,,,,male,,,,,,dermoscopic,,1024,768
5436e3cdbae478396759f2bd,ISIC_0000246,25,lower extremity,benign,,nevus,,,,,,,,,True,,,,female,,,,,,dermoscopic,,1024,768
5436e3cdbae478396759f2bf,ISIC_0000247,35,upper extremity,benign,,nevus,,,,,,,,,True,,,,male,,,,,,dermoscopic,,1024,768
5436e3cdbae478396759f2c1,ISIC_0000248,35,upper extremity,benign,,nevus,,,,,,,,,True,,,,male,,,,,,dermoscopic,,1024,768
5436e3cdbae478396759f2c3,ISIC_0000249,20,lower extremity,benign,,nevus,,,,,,,,,True,,,,female,,,,,,dermoscopic,,1024,768
5436e3cdbae478396759f2c5,ISIC_0000250,35,anterior torso,benign,,nevus,,,,,,,,,True,,,,male,,,,,,dermoscopic,,1024,768
5436e3cdbae478396759f2c7,ISIC_0000251,50,posterior torso,benign,,nevus,,,,,,,,,True,,,,female,,,,,,dermoscopic,,1024,768
5436e3cdbae478396759f2c9,ISIC_0000252,75,lower extremity,benign,,nevus,,,,,,,,,True,,,,male,,,,,,dermoscopic,,576,768
5436e3cdbae478396759f2cb,ISIC_0000253,30,posterior torso,benign,,nevus,,,,,,,,,True,,,,female,,,,,,dermoscopic,,576,768
5436e3cdbae478396759f2cd,ISIC_0000254,60,lower extremity,benign,,nevus,,,,,,,,,True,,,,female,,,,,,dermoscopic,,1024,768
5436e3cebae478396759f2cf,ISIC_0000255,60,lower extremity,benign,,nevus,,,,,,,,,True,,,,female,,,,,,dermoscopic,,1024,768
5436e3cebae478396759f2d1,ISIC_0000256,65,posterior torso,benign,,nevus,,,,,,,,,True,,,,male,,,,,,dermoscopic,,1024,768
5436e3cebae478396759f2d5,ISIC_0000258,70,posterior torso,benign,,nevus,,,,,,,,,True,,,,male,,,,,,dermoscopic,,1024,768
5436e3cebae478396759f2d7,ISIC_0000259,45,anterior torso,benign,,nevus,,,,,,,,,True,,,,female,,,,,,dermoscopic,,1024,768
5436e3cebae478396759f2d9,ISIC_0000260,10,posterior torso,benign,,nevus,,,,,,,,,True,,,,male,,,,,,dermoscopic,,1024,768
5436e3cebae478396759f2db,ISIC_0000261,30,upper extremity,benign,,nevus,,,,,,,,,True,,,,female,,,,,,dermoscopic,,1024,768
5436e3cebae478396759f2dd,ISIC_0000262,25,anterior torso,benign,,nevus,,,,,,,,,True,,,,female,,,,,,dermoscopic,,576,768
5436e3cebae478396759f2df,ISIC_0000263,25,posterior torso,benign,,nevus,,,,,,,,,True,,,,female,,,,,,dermoscopic,,1024,768
5436e3cebae478396759f2e1,ISIC_0000264,25,lower extremity,benign,,nevus,,,,,,,,,True,,,,female,,,,,,dermoscopic,,1024,768
5436e3cebae478396759f2e3,ISIC_0000265,25,upper extremity,benign,,nevus,,,,,,,,,True,,,,female,,,,,,dermoscopic,,1024,768
5436e3cebae478396759f2e5,ISIC_0000266,30,anterior torso,benign,,nevus,,,,,,,,,True,,,,female,,,,,,dermoscopic,,1024,768
5436e3cfbae478396759f2e7,ISIC_0000267,35,anterior torso,benign,,nevus,,,,,,,,,True,,,,female,,,,,,dermoscopic,,1024,768
5436e3cfbae478396759f2e9,ISIC_0000268,45,posterior torso,benign,,nevus,,,,,,,,,True,,,,female,,,,,,dermoscopic,,1024,768
5436e3cfbae478396759f2eb,ISIC_0000269,30,anterior torso,benign,,nevus,,,,,,,,,True,,,,male,,,,,,dermoscopic,,576,768
5436e3cfbae478396759f2ed,ISIC_0000270,30,upper extremity,benign,,nevus,,,,,,,,,True,,,,female,,,,,,dermoscopic,,1024,768
5436e3cfbae478396759f2ef,ISIC_0000271,20,upper extremity,benign,,nevus,,,,,,,,,True,,,,male,,,,,,dermoscopic,,1024,768
5436e3cfbae478396759f2f1,ISIC_0000272,45,anterior torso,benign,,nevus,,,,,,,,,True,,,,male,,,,,,dermoscopic,,1024,768
5436e3cfbae478396759f2f3,ISIC_0000273,30,anterior torso,benign,,nevus,,,,,,,,,True,,,,female,,,,,,dermoscopic,,576,768
5436e3cfbae478396759f2f5,ISIC_0000274,20,posterior torso,benign,,nevus,,,,,,,,,True,,,,female,,,,,,dermoscopic,,1024,768
5436e3cfbae478396759f2f7,ISIC_0000275,45,upper extremity,benign,,nevus,,,,,,,,,True,,,,female,,,,,,dermoscopic,,1024,768
5436e3d3bae478396759f347,ISIC_0000315,30,anterior torso,benign,,nevus,,,,,,,,,True,,,,female,,,,,,dermoscopic,,767,576
5436e3d3bae478396759f349,ISIC_0000316,20,anterior torso,benign,,nevus,,,,,,,,,True,,,,female,,,,,,dermoscopic,,767,576
5436e3d3bae478396759f34b,ISIC_0000317,60,posterior torso,benign,,nevus,,,,,,,,,True,,,,female,,,,,,dermoscopic,,767,576
5436e3d3bae478396759f34d,ISIC_0000318,45,posterior torso,benign,,nevus,,,,,,,,,True,,,,male,,,,,,dermoscopic,,767,576
5436e3d3bae478396759f34f,ISIC_0000319,50,posterior torso,benign,,nevus,,,,,,,,,True,,,,male,,,,,,dermoscopic,,767,576
5436e3d3bae478396759f351,ISIC_0000320,55,lower extremity,benign,,nevus,,,,,,,,,True,,,,male,,,,,,dermoscopic,,767,576
5436e3d3bae478396759f353,ISIC_0000321,30,posterior torso,benign,,nevus,,,,,,,,,True,,,,male,,,,,,dermoscopic,,767,576
5436e3d3bae478396759f355,ISIC_0000322,35,posterior torso,benign,,nevus,,,,,,,,,True,,,,male,,,,,,dermoscopic,,767,576
5436e3d3bae478396759f357,ISIC_0000323,40,head/neck,benign,,nevus,,,,,,,,,True,,,,male,,,,,,dermoscopic,,767,576
5436e3d4bae478396759f359,ISIC_0000324,25,posterior torso,benign,,nevus,,,,,,,,,True,,,,male,,,,,,dermoscopic,,767,576
5436e3d4bae478396759f35b,ISIC_0000325,50,anterior torso,benign,,nevus,,,,,,,,,True,,,,male,,,,,,dermoscopic,,767,576
5436e3d4bae478396759f35d,ISIC_0000326,20,lower extremity,benign,,nevus,,,,,,,,,True,,,,female,,,,,,dermoscopic,,767,576
5436e3d4bae478396759f35f,ISIC_0000327,60,lower extremity,benign,,nevus,,,,,,,,,True,,,,male,,,,,,dermoscopic,,767,576
5436e3d4bae478396759f361,ISIC_0000328,30,posterior torso,benign,,nevus,,,,,,,,,True,,,,female,,,,,,dermoscopic,,767,576
5436e3d4bae478396759f363,ISIC_0000329,30,lower extremity,benign,,nevus,,,,,,,,,True,,,,female,,,,,,dermoscopic,,767,576
5436e3d4bae478396759f365,ISIC_0000330,30,posterior torso,benign,,nevus,,,,,,,,,True,,,,female,,,,,,dermoscopic,,767,576
5436e3d4bae478396759f367,ISIC_0000331,15,posterior torso,benign,,nevus,,,,,,,,,True,,,,male,,,,,,dermoscopic,,767,576
5436e3d4bae478396759f369,ISIC_0000332,35,lower extremity,benign,,nevus,,,,,,,,,True,,,,male,,,,,,dermoscopic,,767,576
5436e3d4bae478396759f36b,ISIC_0000333,25,anterior torso,benign,,nevus,,,,,,,,,True,,,,male,,,,,,dermoscopic,,767,576
5436e3d4bae478396759f36d,ISIC_0000334,15,posterior torso,benign,,nevus,,,,,,,,,True,,,,female,,,,,,dermoscopic,,767,576
5436e3d4bae478396759f36f,ISIC_0000335,55,posterior torso,benign,,nevus,,,,,,,,,True,,,,female,,,,,,dermoscopic,,767,576
5436e3d5bae478396759f371,ISIC_0000336,30,lower extremity,benign,,nevus,,,,,,,,,True,,,,female,,,,,,dermoscopic,,767,576
5436e3d5bae478396759f373,ISIC_0000337,50,lower extremity,benign,,nevus,,,,,,,,,True,,,,male,,,,,,dermoscopic,,767,576
5436e3d5bae478396759f375,ISIC_0000338,50,lower extremity,benign,,nevus,,,,,,,,,True,,,,male,,,,,,dermoscopic,,767,576
