_id,name,meta.clinical.age_approx,meta.clinical.anatom_site_general,meta.clinical.benign_malignant,meta.clinical.clin_size_long_diam_mm,meta.clinical.diagnosis,meta.clinical.diagnosis_confirm_type,meta.clinical.family_hx_mm,meta.clinical.lesion_id,meta.clinical.mel_class,meta.clinical.mel_mitotic_index,meta.clinical.mel_thick_mm,meta.clinical.mel_type,meta.clinical.mel_ulcer,meta.clinical.melanocytic,meta.clinical.nevus_type,meta.clinical.patient_id,meta.clinical.personal_hx_mm,meta.clinical.sex,meta.acquisition.acquisition_day,meta.acquisition.blurry,meta.acquisition.color_tint,meta.acquisition.dermoscopic_type,meta.acquisition.hairy,meta.acquisition.image_type,meta.acquisition.marker_pen,meta.acquisition.pixelsX,meta.acquisition.pixelsY
5436e3ccbae478396759f2b1,ISIC_0000240,35,posterior torso,benign,,nevus,,,,,,,,,True,,,,female,,,,,,dermoscopic,,1024,768
5436e3ccbae478396759f2b3,ISIC_0000241,25,posterior torso,benign,,nevus,,,,,,,,,True,,,,male,,,,,,dermoscopic,,576,768
5436e3ccbae478396759f2b5,ISIC_0000242,60,lateral torso,benign,,nevus,,,,,,,,,True,,,,male,,,,,,dermoscopic,,1024,768
5436e3cdbae478396759f2b7,ISIC_0000243,65,posterior torso,benign,,nevus,,,,,,,,,True,,,,male,,,,,,dermoscopic,,576,768
5436e3cdbae478396759f2b9,ISIC_0000244,40,anterior torso,benign,,nevus,,,,,,,,,True,,,,male,,,,,,dermoscopic,,1024,768
5436e3cdbae478396759f2bb,ISIC_0000245,70,posterior torso,benign,,nevus,,,,,,,,,True,,,,male,,,,,,dermoscopic,,1024,768
5436e3cdbae478396759f2bd,ISIC_0000246,25,lower extremity,benign,,nevus,,,,,,,,,True,,,,female,,,,,,dermoscopic,,1024,768
5436e3cdbae478396759f2bf,ISIC_0000247,35,upper extremity,benign,,nevus,,,,,,,,,True,,,,male,,,,,,dermoscopic,,1024,768
5436e3cdbae478396759f2c1,ISIC_0000248,35,upper extremity,benign,,nevus,,,,,,,,,True,,,,male,,,,,,dermoscopic,,1024,768
5436e3cdbae478396759f2c3,ISIC_0000249,20,lower extremity,benign,,nevus,,,,,,,,,True,,,,female,,,,,,dermoscopic,,1024,768
5436e3cdbae478396759f2c5,ISIC_0000250,35,anterior torso,benign,,nevus,,,,,,,,,True,,,,male,,,,,,dermoscopic,,1024,768
5436e3cdbae478396759f2c7,ISIC_0000251,50,posterior torso,benign,,nevus,,,,,,,,,True,,,,female,,,,,,dermoscopic,,1024,768
5436e3cdbae478396759f2c9,ISIC_0000252,75,lower extremity,benign,,nevus,,,,,,,,,True,,,,male,,,,,,dermoscopic,,576,768
5436e3cdbae478396759f2cb,ISIC_0000253,30,posterior torso,benign,,nevus,,,,,,,,,True,,,,female,,,,,,dermoscopic,,576,768
5436e3cdbae478396759f2cd,ISIC_0000254,60,lower extremity,benign,,nevus,,,,,,,,,True,,,,female,,,,,,dermoscopic,,1024,768
5436e3cebae478396759f2cf,ISIC_0000255,60,lower extremity,benign,,nevus,,,,,,,,,True,,,,female,,,,,,dermoscopic,,1024,768
5436e3cebae478396759f2d1,ISIC_0000256,65,posterior torso,benign,,nevus,,,,,,,,,True,,,,male,,,,,,dermoscopic,,1024,768
5436e3cebae478396759f2d3,ISIC_0000257,15,palms/soles,benign,,,,,,,,,,,,,,,male,,,,,,dermoscopic,,1024,768
5436e3cebae478396759f2d5,ISIC_0000258,70,posterior torso,benign,,nevus,,,,,,,,,True,,,,male,,,,,,dermoscopic,,1024,768
5436e3cebae478396759f2d7,ISIC_0000259,45,anterior torso,benign,,nevus,,,,,,,,,True,,,,female,,,,,,dermoscopic,,1024,768
5436e3cebae478396759f2d9,ISIC_0000260,10,posterior torso,benign,,nevus,,,,,,,,,True,,,,male,,,,,,dermoscopic,,1024,768
5436e3cebae478396759f2db,ISIC_0000261,30,upper extremity,benign,,nevus,,,,,,,,,True,,,,female,,,,,,dermoscopic,,1024,768
5436e3cebae478396759f2dd,ISIC_0000262,25,anterior torso,benign,,nevus,,,,,,,,,True,,,,female,,,,,,dermoscopic,,576,768
5436e3cebae478396759f2df,ISIC_0000263,25,posterior torso,benign,,nevus,,,,,,,,,True,,,,female,,,,,,dermoscopic,,1024,768
5436e3cebae478396759f2e1,ISIC_0000264,25,lower extremity,benign,,nevus,,,,,,,,,True,,,,female,,,,,,dermoscopic,,1024,768
5436e3cebae478396759f2e3,ISIC_0000265,25,upper extremity,benign,,nevus,,,,,,,,,True,,,,female,,,,,,dermoscopic,,1024,768
5436e3cebae478396759f2e5,ISIC_0000266,30,anterior torso,benign,,nevus,,,,,,,,,True,,,,female,,,,,,dermoscopic,,1024,768
5436e3cfbae478396759f2e7,ISIC_0000267,35,anterior torso,benign,,nevus,,,,,,,,,True,,,,female,,,,,,dermoscopic,,1024,768
5436e3cfbae478396759f2e9,ISIC_0000268,45,posterior torso,benign,,nevus,,,,,,,,,True,,,,female,,,,,,dermoscopic,,1024,768
5436e3cfbae478396759f2eb,ISIC_0000269,30,anterior torso,benign,,nevus,,,,,,,,,True,,,,male,,,,,,dermoscopic,,576,768
5436e3cfbae478396759f2ed,ISIC_0000270,30,upper extremity,benign,,nevus,,,,,,,,,True,,,,female,,,,,,dermoscopic,,1024,768
5436e3cfbae478396759f2ef,ISIC_0000271,20,upper extremity,benign,,nevus,,,,,,,,,True,,,,male,,,,,,dermoscopic,,1024,768
5436e3cfbae478396759f2f1,ISIC_0000272,45,anterior torso,benign,,nevus,,,,,,,,,True,,,,male,,,,,,dermoscopic,,1024,768
5436e3cfbae478396759f2f3,ISIC_0000273,30,anterior torso,benign,,nevus,,,,,,,,,True,,,,female,,,,,,dermoscopic,,576,768
5436e3cfbae478396759f2f5,ISIC_0000274,20,posterior torso,benign,,nevus,,,,,,,,,True,,,,female,,,,,,dermoscopic,,1024,768
5436e3cfbae478396759f2f7,ISIC_0000275,45,upper extremity,benign,,nevus,,,,,,,,,True,,,,female,,,,,,dermoscopic,,1024,768
5436e3cfbae478396759f2f9,ISIC_0000276,70,anterior torso,malignant,,melanoma,histopathology,,,,,,,,True,,,,male,,,,,,dermoscopic,,1024,768
5436e3cfbae478396759f2fb,ISIC_0000277,70,anterior torso,malignant,,melanoma,histopathology,,,,,,,,True,,,,male,,,,,,dermoscopic,,1024,768
5436e3cfbae478396759f2fd,ISIC_0000278,75,head/neck,malignant,,melanoma,histopathology,,,,,,,,True,,,,female,,,,,,dermoscopic,,1024,768
5436e3d0bae478396759f2ff,ISIC_0000279,80,lower extremity,malignant,,melanoma,histopathology,,,,,,,,True,,,,male,,,,,,dermoscopic,,1024,768
5436e3d0bae478396759f301,ISIC_0000280,70,posterior torso,malignant,,melanoma,histopathology,,,,,,,,True,,,,male,,,,,,dermoscopic,,1024,768
5436e3d0bae478396759f303,ISIC_0000281,25,posterior torso,malignant,,melanoma,histopathology,,,,,,,,True,,,,male,,,,,,dermoscopic,,1024,768
5436e3d0bae478396759f305,ISIC_0000282,65,palms/soles,malignant,,melanoma,histopathology,,,,,,,,True,,,,female,,,,,,dermoscopic,,1024,768
5436e3d0bae478396759f307,ISIC_0000283,50,upper extremity,malignant,,melanoma,histopathology,,,,,,,,True,,,,male,,,,,,dermoscopic,,1024,768
5436e3d0bae478396759f309,ISIC_0000284,80,head/neck,malignant,,melanoma,histopathology,,,,,,,,True,,,,male,,,,,,dermoscopic,,1024,768
5436e3d0bae478396759f30b,ISIC_0000285,60,lateral torso,malignant,,melanoma,histopathology,,,,,,,,True,,,,male,,,,,,dermoscopic,,1024,768
5436e3d0bae478396759f30d,ISIC_0000286,50,head/neck,malignant,,melanoma,histopathology,,,,,,,,True,,,,male,,,,,,dermoscopic,,1024,768
5436e3d0bae478396759f30f,ISIC_0000287,55,palms/soles,malignant,,melanoma,histopathology,,,,,,,,True,,,,male,,,,,,dermoscopic,,1024,768
5436e3d0bae478396759f311,ISIC_0000288,70,upper extremity,malignant,,melanoma,histopathology,,,,,,,,True,,,,female,,,,,,dermoscopic,,1024,768
5436e3d0bae478396759f313,ISIC_0000289,75,head/neck,malignant,,melanoma,histopathology,,,,,,,,True,,,,male,,,,,,dermoscopic,,1024,768
5436e3d1bae478396759f315,ISIC_0000290,65,palms/soles,malignant,,melanoma,histopathology,,,,,,,,True,,,,female,,,,,,dermoscopic,,1024,768
5436e3d1bae478396759f317,ISIC_0000291,55,head/neck,malignant,,melanoma,histopathology,,,,,,,,True,,,,female,,,,,,dermoscopic,,1024,768
5436e3d1bae478396759f319,ISIC_0000292,85,head/neck,malignant,,melanoma,histopathology,,,,,,,,True,,,,female,,,,,,dermoscopic,,1024,768
5436e3d1bae478396759f31b,ISIC_0000293,70,lower extremity,malignant,,melanoma,histopathology,,,,,,,,True,,,,male,,,,,,dermoscopic,,1024,768
5436e3d1bae478396759f31d,ISIC_0000294,80,posterior torso,malignant,,melanoma,histopathology,,,,,,,,True,,,,male,,,,,,dermoscopic,,1024,768
5436e3d1bae478396759f31f,ISIC_0000295,85,upper extremity,malignant,,melanoma,histopathology,,,,,,,,True,,,,female,,,,,,dermoscopic,,767,576
5436e3d1bae478396759f321,ISIC_0000296,50,posterior torso,malignant,,melanoma,histopathology,,,,,,,,True,,,,female,,,,,,dermoscopic,,767,576
5436e3d1bae478396759f323,ISIC_0000297,35,anterior torso,malignant,,melanoma,histopathology,,,,,,,,True,,,,female,,,,,,dermoscopic,,767,576
5436e3d1bae478396759f325,ISIC_0000298,50,lower extremity,malignant,,melanoma,histopathology,,,,,,,,True,,,,male,,,,,,dermoscopic,,767,576
5436e3d1bae478396759f327,ISIC_0000299,75,head/neck,malignant,,melanoma,histopathology,,,,,,,,True,,,,male,,,,,,dermoscopic,,767,576
5436e3d1bae478396759f329,ISIC_0000300,60,lower extremity,malignant,,melanoma,histopathology,,,,,,,,True,,,,female,,,,,,dermoscopic,,767,576
5436e3d2bae478396759f32b,ISIC_0000301,60,posterior torso,malignant,,melanoma,histopathology,,,,,,,,True,,,,male,,,,,,dermoscopic,,767,576
5436e3d2bae478396759f32d,ISIC_0000302,65,posterior torso,malignant,,melanoma,histopathology,,,,,,,,True,,,,female,,,,,,dermoscopic,,767,576
5436e3d2bae478396759f32f,ISIC_0000303,80,upper extremity,malignant,,melanoma,histopathology,,,,,,,,True,,,,male,,,,,,dermoscopic,,767,576
5436e3d2bae478396759f331,ISIC_0000304,45,posterior torso,malignant,,melanoma,histopathology,,,,,,,,True,,,,male,,,,,,dermoscopic,,767,576
5436e3d2bae478396759f333,ISIC_0000305,80,lower extremity,malignant,,melanoma,histopathology,,,,,,,,True,,,,female,,,,,,dermoscopic,,767,576
5436e3d2bae478396759f335,ISIC_0000306,50,upper extremity,malignant,,melanoma,histopathology,,,,,,,,True,,,,male,,,,,,dermoscopic,,767,576
5436e3d2bae478396759f337,ISIC_0000307,65,lower extremity,malignant,,melanoma,histopathology,,,,,,,,True,,,,female,,,,,,dermoscopic,,767,576
5436e3d2bae478396759f339,ISIC_0000308,50,lower extremity,malignant,,melanoma,histopathology,,,,,,,,True,,,,female,,,,,,dermoscopic,,767,576
5436e3d2bae478396759f33b,ISIC_0000309,65,anterior torso,malignant,,melanoma,histopathology,,,,,,,,True,,,,male,,,,,,dermoscopic,,767,576
5436e3d2bae478396759f33d,ISIC_0000310,85,lower extremity,malignant,,melanoma,histopathology,,,,,,,,True,,,,female,,,,,,dermoscopic,,767,576
5436e3d2bae478396759f33f,ISIC_0000311,60,lower extremity,malignant,,melanoma,histopathology,,,,,,,,True,,,,female,,,,,,dermoscopic,,767,576
5436e3d2bae478396759f341,ISIC_0000312,40,posterior torso,malignant,,melanoma,histopathology,,,,,,,,True,,,,female,,,,,,dermoscopic,,767,576
5436e3d3bae478396759f343,ISIC_0000313,60,anterior torso,malignant,,melanoma,histopathology,,,,,,,,True,,,,male,,,,,,dermoscopic,,767,576
5436e3d3bae478396759f345,ISIC_0000314,35,lower extremity,malignant,,melanoma,histopathology,,,,,,,,True,,,,female,,,,,,dermoscopic,,767,576
5436e3d3bae478396759f347,ISIC_0000315,30,anterior torso,benign,,nevus,,,,,,,,,True,,,,female,,,,,,dermoscopic,,767,576
5436e3d3bae478396759f349,ISIC_0000316,20,anterior torso,benign,,nevus,,,,,,,,,True,,,,female,,,,,,dermoscopic,,767,576
5436e3d3bae478396759f34b,ISIC_0000317,60,posterior torso,benign,,nevus,,,,,,,,,True,,,,female,,,,,,dermoscopic,,767,576
5436e3d3bae478396759f34d,ISIC_0000318,45,posterior torso,benign,,nevus,,,,,,,,,True,,,,male,,,,,,dermoscopic,,767,576
5436e3d3bae478396759f34f,ISIC_0000319,50,posterior torso,benign,,nevus,,,,,,,,,True,,,,male,,,,,,dermoscopic,,767,576
