_id,name,meta.clinical.age_approx,meta.clinical.anatom_site_general,meta.clinical.benign_malignant,meta.clinical.clin_size_long_diam_mm,meta.clinical.diagnosis,meta.clinical.diagnosis_confirm_type,meta.clinical.family_hx_mm,meta.clinical.lesion_id,meta.clinical.mel_class,meta.clinical.mel_mitotic_index,meta.clinical.mel_thick_mm,meta.clinical.mel_type,meta.clinical.mel_ulcer,meta.clinical.melanocytic,meta.clinical.nevus_type,meta.clinical.patient_id,meta.clinical.personal_hx_mm,meta.clinical.sex,meta.acquisition.acquisition_day,meta.acquisition.blurry,meta.acquisition.color_tint,meta.acquisition.dermoscopic_type,meta.acquisition.hairy,meta.acquisition.image_type,meta.acquisition.marker_pen,meta.acquisition.pixelsX,meta.acquisition.pixelsY
5aaf12691165976913628e79,ISIC_0024626,70,posterior torso,,,pigmented benign keratosis,histopathology,,,,,,,,False,,,,male,,,,,,dermoscopic,,600,450
5aaf12691165976913628e84,ISIC_0024627,75,,benign,,nevus,serial imaging showing no change,,,,,,,,True,,,,male,,,,,,dermoscopic,,600,450
5aaf12691165976913628e8f,ISIC_0024628,45,upper extremity,benign,,nevus,serial imaging showing no change,,,,,,,,True,,,,male,,,,,,dermoscopic,,600,450
5aaf12691165976913628e9b,ISIC_0024629,65,,benign,,nevus,serial imaging showing no change,,,,,,,,True,,,,male,,,,,,dermoscopic,,600,450
5aaf12691165976913628ea8,ISIC_0024630,85,lower extremity,malignant,,melanoma,histopathology,,,,,,,,True,,,,male,,,,,,dermoscopic,,600,450
5aaf126a1165976913628eb4,ISIC_0024631,50,upper extremity,benign,,nevus,serial imaging showing no change,,,,,,,,True,,,,female,,,,,,dermoscopic,,600,450
5aaf126a1165976913628ec0,ISIC_0024632,70,upper extremity,,,basal cell carcinoma,histopathology,,,,,,,,False,,,,female,,,,,,dermoscopic,,600,450
5aaf126a1165976913628ecd,ISIC_0024633,45,lower extremity,benign,,nevus,serial imaging showing no change,,,,,,,,True,,,,male,,,,,,dermoscopic,,600,450
5aaf126a1165976913628edd,ISIC_0024634,80,posterior torso,,,basal cell carcinoma,histopathology,,,,,,,,False,,,,female,,,,,,dermoscopic,,600,450
5aaf126a1165976913628eec,ISIC_0024635,60,head/neck,,,pigmented benign keratosis,histopathology,,,,,,,,False,,,,female,,,,,,dermoscopic,,600,450
5aaf126a1165976913628efc,ISIC_0024636,45,anterior torso,benign,,nevus,serial imaging showing no change,,,,,,,,True,,,,male,,,,,,dermoscopic,,600,450
5aaf126a1165976913628f0a,ISIC_0024637,55,,benign,,nevus,serial imaging showing no change,,,,,,,,True,,,,female,,,,,,dermoscopic,,600,450
5aaf126a1165976913628f17,ISIC_0024638,45,lower extremity,benign,,nevus,serial imaging showing no change,,,,,,,,True,,,,male,,,,,,dermoscopic,,600,450
5aaf126a1165976913628f23,ISIC_0024639,60,posterior torso,benign,,nevus,serial imaging showing no change,,,,,,,,True,,,,male,,,,,,dermoscopic,,600,450
5aaf126b1165976913628f30,ISIC_0024640,55,posterior torso,malignant,,melanoma,histopathology,,,,,,,,True,,,,female,,,,,,dermoscopic,,600,450
5aaf126b1165976913628f3c,ISIC_0024641,45,lower extremity,benign,,nevus,serial imaging showing no change,,,,,,,,True,,,,male,,,,,,dermoscopic,,600,450
5aaf126b1165976913628f47,ISIC_0024642,55,anterior torso,benign,,nevus,histopathology,,,,,,,,True,,,,female,,,,,,dermoscopic,,600,450
5aaf126b1165976913628f52,ISIC_0024643,35,anterior torso,,,pigmented benign keratosis,single image expert consensus,,,,,,,,False,,,,male,,,,,,dermoscopic,,600,450
5aaf126b1165976913628f5d,ISIC_0024644,85,lower extremity,malignant,,melanoma,histopathology,,,,,,,,True,,,,female,,,,,,dermoscopic,,600,450
5aaf126b1165976913628f68,ISIC_0024645,40,posterior torso,benign,,nevus,serial imaging showing no change,,,,,,,,True,,,,female,,,,,,dermoscopic,,600,450
5aaf126b1165976913628f74,ISIC_0024646,70,head/neck,,,actinic keratosis,histopathology,,,,,,,,False,,,,female,,,,,,dermoscopic,,600,450
5aaf126b1165976913628f81,ISIC_0024647,85,lower extremity,malignant,,melanoma,histopathology,,,,,,,,True,,,,female,,,,,,dermoscopic,,600,450
5aaf126b1165976913628f8d,ISIC_0024648,55,lower extremity,benign,,nevus,serial imaging showing no change,,,,,,,,True,,,,female,,,,,,dermoscopic,,600,450
5aaf126b1165976913628f9b,ISIC_0024649,50,,benign,,nevus,serial imaging showing no change,,,,,,,,True,,,,female,,,,,,dermoscopic,,600,450
5aaf126b1165976913628fa7,ISIC_0024650,70,,benign,,nevus,serial imaging showing no change,,,,,,,,True,,,,male,,,,,,dermoscopic,,600,450
5aaf126c1165976913628fb8,ISIC_0024651,50,lower extremity,benign,,nevus,serial imaging showing no change,,,,,,,,True,,,,male,,,,,,dermoscopic,,600,450
5aaf126c1165976913628fc7,ISIC_0024652,85,upper extremity,malignant,,melanoma,histopathology,,,,,,,,True,,,,female,,,,,,dermoscopic,,600,450
5aaf126c1165976913628fd6,ISIC_0024653,60,,benign,,nevus,histopathology,,,,,,,,True,,,,female,,,,,,dermoscopic,,600,450
5aaf126c1165976913628fe5,ISIC_0024654,75,lower extremity,,,actinic keratosis,histopathology,,,,,,,,False,,,,female,,,,,,dermoscopic,,600,450
5aaf126c1165976913628ff1,ISIC_0024655,30,posterior torso,benign,,nevus,serial imaging showing no change,,,,,,,,True,,,,female,,,,,,dermoscopic,,600,450
5aaf126c1165976913628ffc,ISIC_0024656,65,lower extremity,benign,,nevus,serial imaging showing no change,,,,,,,,True,,,,male,,,,,,dermoscopic,,600,450
5aaf126c1165976913629009,ISIC_0024657,60,posterior torso,benign,,nevus,histopathology,,,,,,,,True,,,,male,,,,,,dermoscopic,,600,450
5aaf126c1165976913629015,ISIC_0024658,35,posterior torso,benign,,nevus,histopathology,,,,,,,,True,,,,male,,,,,,dermoscopic,,600,450
5aaf126c1165976913629020,ISIC_0024659,60,,benign,,nevus,serial imaging showing no change,,,,,,,,True,,,,male,,,,,,dermoscopic,,600,450
5aaf126c116597691362902b,ISIC_0024660,55,lower extremity,benign,,nevus,serial imaging showing no change,,,,,,,,True,,,,female,,,,,,dermoscopic,,600,450
5aaf126d1165976913629036,ISIC_0024661,55,posterior torso,benign,,nevus,serial imaging showing no change,,,,,,,,True,,,,female,,,,,,dermoscopic,,600,450
5aaf126d1165976913629041,ISIC_0024662,75,,,,vascular lesion,single image expert consensus,,,,,,,,False,,,,male,,,,,,dermoscopic,,600,450
5aaf126d116597691362904e,ISIC_0024663,55,anterior torso,benign,,nevus,serial imaging showing no change,,,,,,,,True,,,,female,,,,,,dermoscopic,,600,450
5aaf126d116597691362905b,ISIC_0024664,45,lower extremity,benign,,nevus,histopathology,,,,,,,,True,,,,female,,,,,,dermoscopic,,600,450
5aaf126d1165976913629067,ISIC_0024665,65,anterior torso,,,basal cell carcinoma,histopathology,,,,,,,,False,,,,female,,,,,,dermoscopic,,600,450
5aaf126d1165976913629074,ISIC_0024666,65,posterior torso,,,basal cell carcinoma,histopathology,,,,,,,,False,,,,male,,,,,,dermoscopic,,600,450
5aaf126d1165976913629084,ISIC_0024667,50,upper extremity,benign,,nevus,serial imaging showing no change,,,,,,,,True,,,,female,,,,,,dermoscopic,,600,450
5aaf126d1165976913629092,ISIC_0024668,25,,benign,,nevus,histopathology,,,,,,,,True,,,,female,,,,,,dermoscopic,,600,450
5aaf126d11659769136290a2,ISIC_0024669,25,anterior torso,,,vascular lesion,histopathology,,,,,,,,False,,,,female,,,,,,dermoscopic,,600,450
5aaf126e11659769136290af,ISIC_0024670,45,,benign,,nevus,serial imaging showing no change,,,,,,,,True,,,,male,,,,,,dermoscopic,,600,450
5aaf126e11659769136290be,ISIC_0024671,35,anterior torso,benign,,nevus,serial imaging showing no change,,,,,,,,True,,,,female,,,,,,dermoscopic,,600,450
5aaf126e11659769136290ca,ISIC_0024672,65,posterior torso,,,pigmented benign keratosis,histopathology,,,,,,,,False,,,,male,,,,,,dermoscopic,,600,450
5aaf126e11659769136290d8,ISIC_0024673,70,posterior torso,,,basal cell carcinoma,histopathology,,,,,,,,False,,,,male,,,,,,dermoscopic,,600,450
5aaf126e11659769136290e3,ISIC_0024674,40,lower extremity,benign,,nevus,histopathology,,,,,,,,True,,,,male,,,,,,dermoscopic,,600,450
5aaf126e11659769136290ee,ISIC_0024675,65,lower extremity,malignant,,melanoma,histopathology,,,,,,,,True,,,,female,,,,,,dermoscopic,,600,450
5aaf126e11659769136290f9,ISIC_0024676,75,head/neck,,,pigmented benign keratosis,histopathology,,,,,,,,False,,,,female,,,,,,dermoscopic,,600,450
5aaf126e1165976913629104,ISIC_0024677,35,posterior torso,benign,,nevus,serial imaging showing no change,,,,,,,,True,,,,male,,,,,,dermoscopic,,600,450
5aaf126e116597691362910f,ISIC_0024678,45,,benign,,nevus,serial imaging showing no change,,,,,,,,True,,,,female,,,,,,dermoscopic,,600,450
5aaf126e116597691362911c,ISIC_0024679,50,posterior torso,malignant,,melanoma,histopathology,,,,,,,,True,,,,male,,,,,,dermoscopic,,600,450
5aaf126e1165976913629129,ISIC_0024680,75,lower extremity,benign,,nevus,histopathology,,,,,,,,True,,,,female,,,,,,dermoscopic,,600,450
5aaf126f1165976913629134,ISIC_0024681,35,,benign,,nevus,serial imaging showing no change,,,,,,,,True,,,,female,,,,,,dermoscopic,,600,450
5aaf126f116597691362913f,ISIC_0024682,20,upper extremity,benign,,nevus,histopathology,,,,,,,,True,,,,female,,,,,,dermoscopic,,600,450
5aaf126f116597691362914d,ISIC_0024683,65,upper extremity,benign,,nevus,single image expert consensus,,,,,,,,True,,,,male,,,,,,dermoscopic,,600,450
5aaf126f116597691362915c,ISIC_0024684,20,anterior torso,benign,,nevus,histopathology,,,,,,,,True,,,,male,,,,,,dermoscopic,,600,450
5aaf126f116597691362916f,ISIC_0024685,55,lower extremity,benign,,nevus,serial imaging showing no change,,,,,,,,True,,,,female,,,,,,dermoscopic,,600,450
5aaf126f116597691362917d,ISIC_0024686,35,posterior torso,benign,,nevus,serial imaging showing no change,,,,,,,,True,,,,male,,,,,,dermoscopic,,600,450
5aaf126f116597691362918c,ISIC_0024687,50,lower extremity,benign,,nevus,serial imaging showing no change,,,,,,,,True,,,,female,,,,,,dermoscopic,,600,450
5aaf126f1165976913629198,ISIC_0024688,40,lower extremity,malignant,,melanoma,histopathology,,,,,,,,True,,,,female,,,,,,dermoscopic,,600,450
5aaf126f11659769136291a3,ISIC_0024689,45,lower extremity,benign,,nevus,serial imaging showing no change,,,,,,,,True,,,,male,,,,,,dermoscopic,,600,450
5aaf127011659769136291ae,ISIC_0024690,40,posterior torso,benign,,nevus,serial imaging showing no change,,,,,,,,True,,,,female,,,,,,dermoscopic,,600,450
5aaf127011659769136291bb,ISIC_0024691,50,,benign,,nevus,serial imaging showing no change,,,,,,,,True,,,,female,,,,,,dermoscopic,,600,450
5aaf127011659769136291c7,ISIC_0024692,45,anterior torso,benign,,nevus,serial imaging showing no change,,,,,,,,True,,,,female,,,,,,dermoscopic,,600,450
5aaf127011659769136291d2,ISIC_0024693,45,upper extremity,benign,,nevus,serial imaging showing no change,,,,,,,,True,,,,female,,,,,,dermoscopic,,600,450
5aaf127011659769136291dd,ISIC_0024694,65,anterior torso,benign,,nevus,histopathology,,,,,,,,True,,,,male,,,,,,dermoscopic,,600,450
5aaf127011659769136291e8,ISIC_0024695,55,,benign,,nevus,histopathology,,,,,,,,True,,,,female,,,,,,dermoscopic,,600,450
5aaf127011659769136291f4,ISIC_0024696,75,upper extremity,,,pigmented benign keratosis,histopathology,,,,,,,,False,,,,male,,,,,,dermoscopic,,600,450
5aaf12701165976913629201,ISIC_0024697,15,head/neck,benign,,nevus,histopathology,,,,,,,,True,,,,male,,,,,,dermoscopic,,600,450
5aaf1270116597691362920d,ISIC_0024698,70,head/neck,benign,,nevus,single image expert consensus,,,,,,,,True,,,,male,,,,,,dermoscopic,,600,450
5aaf1270116597691362921b,ISIC_0024699,25,,benign,,nevus,serial imaging showing no change,,,,,,,,True,,,,female,,,,,,dermoscopic,,600,450
5aaf1271116597691362922c,ISIC_0024700,35,,malignant,,melanoma,histopathology,,,,,,,,True,,,,female,,,,,,dermoscopic,,600,450
5aaf1271116597691362923a,ISIC_0024701,55,posterior torso,malignant,,melanoma,histopathology,,,,,,,,True,,,,female,,,,,,dermoscopic,,600,450
5aaf12711165976913629245,ISIC_0024702,60,posterior torso,malignant,,melanoma,histopathology,,,,,,,,True,,,,male,,,,,,dermoscopic,,600,450
5aaf12711165976913629255,ISIC_0024703,20,lower extremity,benign,,nevus,serial imaging showing no change,,,,,,,,True,,,,male,,,,,,dermoscopic,,600,450
5aaf12711165976913629262,ISIC_0024704,80,lower extremity,benign,,nevus,histopathology,,,,,,,,True,,,,female,,,,,,dermoscopic,,600,450
5aaf12711165976913629270,ISIC_0024705,45,head/neck,,,pigmented benign keratosis,confocal microscopy with consensus dermoscopy,,,,,,,,False,,,,female,,,,,,dermoscopic,,600,450
