_id,name,meta.clinical.age_approx,meta.clinical.anatom_site_general,meta.clinical.benign_malignant,meta.clinical.clin_size_long_diam_mm,meta.clinical.diagnosis,meta.clinical.diagnosis_confirm_type,meta.clinical.family_hx_mm,meta.clinical.lesion_id,meta.clinical.mel_class,meta.clinical.mel_mitotic_index,meta.clinical.mel_thick_mm,meta.clinical.mel_type,meta.clinical.mel_ulcer,meta.clinical.melanocytic,meta.clinical.nevus_type,meta.clinical.patient_id,meta.clinical.personal_hx_mm,meta.clinical.sex,meta.acquisition.acquisition_day,meta.acquisition.blurry,meta.acquisition.color_tint,meta.acquisition.dermoscopic_type,meta.acquisition.hairy,meta.acquisition.image_type,meta.acquisition.marker_pen,meta.acquisition.pixelsX,meta.acquisition.pixelsY
5aaf12491165976913627ecc,ISIC_0024312,75,lower extremity,,,pigmented benign keratosis,histopathology,,,,,,,,False,,,,male,,,,,,dermoscopic,,600,450
5aaf124b1165976913627f6a,ISIC_0024324,85,posterior torso,,,pigmented benign keratosis,histopathology,,,,,,,,False,,,,male,,,,,,dermoscopic,,600,450
5aaf124c1165976913628006,ISIC_0024336,50,lower extremity,,,pigmented benign keratosis,histopathology,,,,,,,,False,,,,female,,,,,,dermoscopic,,600,450
5aaf124c1165976913628011,ISIC_0024337,50,lower extremity,,,pigmented benign keratosis,single image expert consensus,,,,,,,,False,,,,female,,,,,,dermoscopic,,600,450
5aaf124c116597691362801c,ISIC_0024338,45,head/neck,,,pigmented benign keratosis,histopathology,,,,,,,,False,,,,female,,,,,,dermoscopic,,600,450
5aaf124e1165976913628119,ISIC_0024358,60,posterior torso,,,pigmented benign keratosis,histopathology,,,,,,,,False,,,,female,,,,,,dermoscopic,,600,450
5aaf125011659769136281bf,ISIC_0024371,70,lower extremity,,,pigmented benign keratosis,histopathology,,,,,,,,False,,,,male,,,,,,dermoscopic,,600,450
5aaf1250116597691362823a,ISIC_0024381,75,posterior torso,,,pigmented benign keratosis,histopathology,,,,,,,,False,,,,female,,,,,,dermoscopic,,600,450
5aaf12511165976913628249,ISIC_0024382,70,head/neck,,,pigmented benign keratosis,confocal microscopy with consensus dermoscopy,,,,,,,,False,,,,male,,,,,,dermoscopic,,600,450
5aaf12511165976913628256,ISIC_0024383,70,,,,pigmented benign keratosis,single image expert consensus,,,,,,,,False,,,,female,,,,,,dermoscopic,,600,450
5aaf12531165976913628395,ISIC_0024408,35,head/neck,,,pigmented benign keratosis,single image expert consensus,,,,,,,,False,,,,female,,,,,,dermoscopic,,600,450
5aaf125311659769136283a0,ISIC_0024409,55,head/neck,,,pigmented benign keratosis,confocal microscopy with consensus dermoscopy,,,,,,,,False,,,,female,,,,,,dermoscopic,,600,450
5aaf125411659769136283c1,ISIC_0024412,35,posterior torso,,,pigmented benign keratosis,histopathology,,,,,,,,False,,,,male,,,,,,dermoscopic,,600,450
5aaf12551165976913628437,ISIC_0024420,55,head/neck,,,pigmented benign keratosis,histopathology,,,,,,,,False,,,,male,,,,,,dermoscopic,,600,450
5aaf1255116597691362844d,ISIC_0024422,75,upper extremity,,,pigmented benign keratosis,histopathology,,,,,,,,False,,,,male,,,,,,dermoscopic,,600,450
5aaf1255116597691362847a,ISIC_0024426,50,posterior torso,,,pigmented benign keratosis,histopathology,,,,,,,,False,,,,male,,,,,,dermoscopic,,600,450
5aaf125611659769136284f7,ISIC_0024435,55,head/neck,,,pigmented benign keratosis,single image expert consensus,,,,,,,,False,,,,male,,,,,,dermoscopic,,600,450
5aaf12571165976913628568,ISIC_0024445,55,lower extremity,,,pigmented benign keratosis,histopathology,,,,,,,,False,,,,male,,,,,,dermoscopic,,600,450
5aaf12571165976913628576,ISIC_0024446,45,upper extremity,,,pigmented benign keratosis,histopathology,,,,,,,,False,,,,male,,,,,,dermoscopic,,600,450
5aaf125811659769136285d8,ISIC_0024453,65,head/neck,,,pigmented benign keratosis,histopathology,,,,,,,,False,,,,female,,,,,,dermoscopic,,600,450
5aaf125a11659769136286bf,ISIC_0024471,55,upper extremity,,,pigmented benign keratosis,histopathology,,,,,,,,False,,,,male,,,,,,dermoscopic,,600,450
5aaf125a1165976913628704,ISIC_0024477,60,posterior torso,,,pigmented benign keratosis,histopathology,,,,,,,,False,,,,male,,,,,,dermoscopic,,600,450
5aaf125c11659769136287a6,ISIC_0024489,75,head/neck,,,pigmented benign keratosis,confocal microscopy with consensus dermoscopy,,,,,,,,False,,,,female,,,,,,dermoscopic,,600,450
5aaf125c11659769136287b1,ISIC_0024490,75,head/neck,,,pigmented benign keratosis,single image expert consensus,,,,,,,,False,,,,male,,,,,,dermoscopic,,600,450
5aaf125c11659769136287dd,ISIC_0024494,55,anterior torso,,,pigmented benign keratosis,histopathology,,,,,,,,False,,,,female,,,,,,dermoscopic,,600,450
5aaf125c11659769136287eb,ISIC_0024495,45,lower extremity,,,pigmented benign keratosis,histopathology,,,,,,,,False,,,,female,,,,,,dermoscopic,,600,450
5aaf125c116597691362880d,ISIC_0024498,70,head/neck,,,pigmented benign keratosis,single image expert consensus,,,,,,,,False,,,,male,,,,,,dermoscopic,,600,450
5aaf125d1165976913628871,ISIC_0024505,40,head/neck,,,pigmented benign keratosis,histopathology,,,,,,,,False,,,,female,,,,,,dermoscopic,,600,450
5aaf12611165976913628a7e,ISIC_0024547,65,posterior torso,,,pigmented benign keratosis,histopathology,,,,,,,,False,,,,male,,,,,,dermoscopic,,600,450
5aaf12651165976913628c33,ISIC_0024581,40,lower extremity,,,pigmented benign keratosis,histopathology,,,,,,,,False,,,,male,,,,,,dermoscopic,,600,450
5aaf12661165976913628cc7,ISIC_0024592,40,anterior torso,,,pigmented benign keratosis,histopathology,,,,,,,,False,,,,female,,,,,,dermoscopic,,600,450
5aaf12671165976913628d44,ISIC_0024602,75,head/neck,,,pigmented benign keratosis,single image expert consensus,,,,,,,,False,,,,female,,,,,,dermoscopic,,600,450
5aaf12681165976913628dc1,ISIC_0024612,85,posterior torso,,,pigmented benign keratosis,histopathology,,,,,,,,False,,,,male,,,,,,dermoscopic,,600,450
5aaf12691165976913628e55,ISIC_0024623,85,anterior torso,,,pigmented benign keratosis,histopathology,,,,,,,,False,,,,female,,,,,,dermoscopic,,600,450
5aaf12691165976913628e79,ISIC_0024626,70,posterior torso,,,pigmented benign keratosis,histopathology,,,,,,,,False,,,,male,,,,,,dermoscopic,,600,450
5aaf126a1165976913628eec,ISIC_0024635,60,head/neck,,,pigmented benign keratosis,histopathology,,,,,,,,False,,,,female,,,,,,dermoscopic,,600,450
5aaf126b1165976913628f52,ISIC_0024643,35,anterior torso,,,pigmented benign keratosis,single image expert consensus,,,,,,,,False,,,,male,,,,,,dermoscopic,,600,450
5aaf126e11659769136290ca,ISIC_0024672,65,posterior torso,,,pigmented benign keratosis,histopathology,,,,,,,,False,,,,male,,,,,,dermoscopic,,600,450
5aaf126e11659769136290f9,ISIC_0024676,75,head/neck,,,pigmented benign keratosis,histopathology,,,,,,,,False,,,,female,,,,,,dermoscopic,,600,450
5aaf127011659769136291f4,ISIC_0024696,75,upper extremity,,,pigmented benign keratosis,histopathology,,,,,,,,False,,,,male,,,,,,dermoscopic,,600,450
5aaf12711165976913629270,ISIC_0024705,45,head/neck,,,pigmented benign keratosis,confocal microscopy with consensus dermoscopy,,,,,,,,False,,,,female,,,,,,dermoscopic,,600,450
5aaf12711165976913629295,ISIC_0024708,80,posterior torso,,,pigmented benign keratosis,histopathology,,,,,,,,False,,,,male,,,,,,dermoscopic,,600,450
5aaf127111659769136292a0,ISIC_0024709,65,upper extremity,,,pigmented benign keratosis,histopathology,,,,,,,,False,,,,female,,,,,,dermoscopic,,600,450
5aaf127211659769136292b6,ISIC_0024711,75,anterior torso,,,pigmented benign keratosis,histopathology,,,,,,,,False,,,,male,,,,,,dermoscopic,,600,450
5aaf12731165976913629379,ISIC_0024726,65,posterior torso,,,pigmented benign keratosis,histopathology,,,,,,,,False,,,,male,,,,,,dermoscopic,,600,450
5aaf12751165976913629430,ISIC_0024740,55,posterior torso,,,pigmented benign keratosis,histopathology,,,,,,,,False,,,,male,,,,,,dermoscopic,,600,450
5aaf1275116597691362943c,ISIC_0024741,75,lower extremity,,,pigmented benign keratosis,histopathology,,,,,,,,False,,,,male,,,,,,dermoscopic,,600,450
5aaf1275116597691362948d,ISIC_0024748,45,anterior torso,,,pigmented benign keratosis,histopathology,,,,,,,,False,,,,male,,,,,,dermoscopic,,600,450
5aaf12761165976913629512,ISIC_0024758,70,head/neck,,,pigmented benign keratosis,histopathology,,,,,,,,False,,,,female,,,,,,dermoscopic,,600,450
5aaf1276116597691362952b,ISIC_0024760,50,upper extremity,,,pigmented benign keratosis,histopathology,,,,,,,,False,,,,male,,,,,,dermoscopic,,600,450
5aaf12761165976913629536,ISIC_0024761,65,head/neck,,,pigmented benign keratosis,histopathology,,,,,,,,False,,,,male,,,,,,dermoscopic,,600,450
5aaf127711659769136295a9,ISIC_0024770,50,head/neck,,,pigmented benign keratosis,single image expert consensus,,,,,,,,False,,,,male,,,,,,dermoscopic,,600,450
5aaf127811659769136295c6,ISIC_0024772,70,lower extremity,,,pigmented benign keratosis,histopathology,,,,,,,,False,,,,male,,,,,,dermoscopic,,600,450
5aaf127811659769136295d4,ISIC_0024773,70,lower extremity,,,pigmented benign keratosis,histopathology,,,,,,,,False,,,,male,,,,,,dermoscopic,,600,450
5aaf127811659769136295e2,ISIC_0024774,35,head/neck,,,pigmented benign keratosis,confocal microscopy with consensus dermoscopy,,,,,,,,False,,,,female,,,,,,dermoscopic,,600,450
5aaf1279116597691362963f,ISIC_0024782,65,anterior torso,,,pigmented benign keratosis,single image expert consensus,,,,,,,,False,,,,female,,,,,,dermoscopic,,600,450
5aaf12791165976913629678,ISIC_0024786,70,lower extremity,,,pigmented benign keratosis,histopathology,,,,,,,,False,,,,male,,,,,,dermoscopic,,600,450
5aaf127c11659769136297da,ISIC_0024814,50,head/neck,,,pigmented benign keratosis,confocal microscopy with consensus dermoscopy,,,,,,,,False,,,,female,,,,,,dermoscopic,,600,450
5aaf127d116597691362986b,ISIC_0024825,70,lower extremity,,,pigmented benign keratosis,histopathology,,,,,,,,False,,,,male,,,,,,dermoscopic,,600,450
5aaf127d11659769136298bd,ISIC_0024832,40,head/neck,,,pigmented benign keratosis,histopathology,,,,,,,,False,,,,female,,,,,,dermoscopic,,600,450
5aaf127e116597691362991a,ISIC_0024839,50,head/neck,,,pigmented benign keratosis,histopathology,,,,,,,,False,,,,male,,,,,,dermoscopic,,600,450
5aaf127f11659769136299a3,ISIC_0024850,55,head/neck,,,pigmented benign keratosis,single image expert consensus,,,,,,,,False,,,,female,,,,,,dermoscopic,,600,450
5aaf127f11659769136299ae,ISIC_0024851,85,posterior torso,,,pigmented benign keratosis,histopathology,,,,,,,,False,,,,male,,,,,,dermoscopic,,600,450
5aaf12811165976913629ab4,ISIC_0024871,65,head/neck,,,pigmented benign keratosis,histopathology,,,,,,,,False,,,,male,,,,,,dermoscopic,,600,450
5aaf12821165976913629b04,ISIC_0024877,50,head/neck,,,pigmented benign keratosis,confocal microscopy with consensus dermoscopy,,,,,,,,False,,,,male,,,,,,dermoscopic,,600,450
5aaf12821165976913629b25,ISIC_0024880,40,anterior torso,,,pigmented benign keratosis,histopathology,,,,,,,,False,,,,male,,,,,,dermoscopic,,600,450
5aaf12821165976913629b30,ISIC_0024881,65,posterior torso,,,pigmented benign keratosis,histopathology,,,,,,,,False,,,,male,,,,,,dermoscopic,,600,450
5aaf12821165976913629b4a,ISIC_0024883,35,lower extremity,,,pigmented benign keratosis,histopathology,,,,,,,,False,,,,female,,,,,,dermoscopic,,600,450
5aaf12831165976913629baa,ISIC_0024890,60,upper extremity,,,pigmented benign keratosis,histopathology,,,,,,,,False,,,,female,,,,,,dermoscopic,,600,450
5aaf12831165976913629bcf,ISIC_0024893,65,head/neck,,,pigmented benign keratosis,histopathology,,,,,,,,False,,,,female,,,,,,dermoscopic,,600,450
5aaf12851165976913629c99,ISIC_0024909,85,head/neck,,,pigmented benign keratosis,single image expert consensus,,,,,,,,False,,,,female,,,,,,dermoscopic,,600,450
5aaf12851165976913629ca7,ISIC_0024910,70,head/neck,,,pigmented benign keratosis,histopathology,,,,,,,,False,,,,female,,,,,,dermoscopic,,600,450
5aaf12861165976913629ce2,ISIC_0024915,55,head/neck,,,pigmented benign keratosis,confocal microscopy with consensus dermoscopy,,,,,,,,False,,,,female,,,,,,dermoscopic,,600,450
5aaf12881165976913629e4a,ISIC_0024943,75,head/neck,,,pigmented benign keratosis,single image expert consensus,,,,,,,,False,,,,female,,,,,,dermoscopic,,600,450
5aaf12891165976913629e7e,ISIC_0024947,40,head/neck,,,pigmented benign keratosis,histopathology,,,,,,,,False,,,,male,,,,,,dermoscopic,,600,450
5aaf128b1165976913629fa0,ISIC_0024970,85,anterior torso,,,pigmented benign keratosis,histopathology,,,,,,,,False,,,,male,,,,,,dermoscopic,,600,450
5aaf128b1165976913629fac,ISIC_0024971,50,head/neck,,,pigmented benign keratosis,histopathology,,,,,,,,False,,,,male,,,,,,dermoscopic,,600,450
5aaf128c116597691362a030,ISIC_0024981,80,head/neck,,,pigmented benign keratosis,histopathology,,,,,,,,False,,,,male,,,,,,dermoscopic,,600,450
5aaf128c116597691362a03b,ISIC_0024982,55,head/neck,,,pigmented benign keratosis,histopathology,,,,,,,,False,,,,male,,,,,,dermoscopic,,600,450
5aaf128e116597691362a0fb,ISIC_0024997,60,posterior torso,,,pigmented benign keratosis,histopathology,,,,,,,,False,,,,male,,,,,,dermoscopic,,600,450
