_id,name,meta.clinical.age_approx,meta.clinical.anatom_site_general,meta.clinical.benign_malignant,meta.clinical.clin_size_long_diam_mm,meta.clinical.diagnosis,meta.clinical.diagnosis_confirm_type,meta.clinical.family_hx_mm,meta.clinical.lesion_id,meta.clinical.mel_class,meta.clinical.mel_mitotic_index,meta.clinical.mel_thick_mm,meta.clinical.mel_type,meta.clinical.mel_ulcer,meta.clinical.melanocytic,meta.clinical.nevus_type,meta.clinical.patient_id,meta.clinical.personal_hx_mm,meta.clinical.sex,meta.acquisition.acquisition_day,meta.acquisition.blurry,meta.acquisition.color_tint,meta.acquisition.dermoscopic_type,meta.acquisition.hairy,meta.acquisition.image_type,meta.acquisition.marker_pen,meta.acquisition.pixelsX,meta.acquisition.pixelsY
5aaf12791165976913629678,ISIC_0024786,70,lower extremity,,,pigmented benign keratosis,histopathology,,,,,,,,False,,,,male,,,,,,dermoscopic,,600,450
5aaf12791165976913629689,ISIC_0024787,45,upper extremity,,,basal cell carcinoma,histopathology,,,,,,,,False,,,,male,,,,,,dermoscopic,,600,450
5aaf12791165976913629697,ISIC_0024788,40,,benign,,nevus,serial imaging showing no change,,,,,,,,True,,,,female,,,,,,dermoscopic,,600,450
5aaf127911659769136296a3,ISIC_0024789,50,head/neck,benign,,nevus,histopathology,,,,,,,,True,,,,female,,,,,,dermoscopic,,600,450
5aaf127911659769136296ae,ISIC_0024790,75,posterior torso,benign,,nevus,histopathology,,,,,,,,True,,,,male,,,,,,dermoscopic,,600,450
5aaf127911659769136296b9,ISIC_0024791,50,anterior torso,benign,,nevus,serial imaging showing no change,,,,,,,,True,,,,female,,,,,,dermoscopic,,600,450
5aaf127a11659769136296c4,ISIC_0024792,50,posterior torso,malignant,,melanoma,histopathology,,,,,,,,True,,,,male,,,,,,dermoscopic,,600,450
5aaf127a11659769136296d1,ISIC_0024793,65,anterior torso,benign,,nevus,histopathology,,,,,,,,True,,,,male,,,,,,dermoscopic,,600,450
5aaf127a11659769136296dd,ISIC_0024794,55,,benign,,nevus,serial imaging showing no change,,,,,,,,True,,,,female,,,,,,dermoscopic,,600,450
5aaf127a11659769136296e8,ISIC_0024795,55,posterior torso,,,basal cell carcinoma,histopathology,,,,,,,,False,,,,male,,,,,,dermoscopic,,600,450
5aaf127a11659769136296f3,ISIC_0024796,60,lower extremity,benign,,nevus,serial imaging showing no change,,,,,,,,True,,,,male,,,,,,dermoscopic,,600,450
5aaf127a11659769136296fe,ISIC_0024797,35,posterior torso,benign,,nevus,serial imaging showing no change,,,,,,,,True,,,,male,,,,,,dermoscopic,,600,450
5aaf127a116597691362970b,ISIC_0024798,70,upper extremity,benign,,nevus,histopathology,,,,,,,,True,,,,male,,,,,,dermoscopic,,600,450
5aaf127a1165976913629719,ISIC_0024799,45,anterior torso,,,basal cell carcinoma,histopathology,,,,,,,,False,,,,male,,,,,,dermoscopic,,600,450
5aaf127a1165976913629726,ISIC_0024800,50,posterior torso,,,actinic keratosis,histopathology,,,,,,,,False,,,,male,,,,,,dermoscopic,,600,450
5aaf127a1165976913629735,ISIC_0024801,35,upper extremity,benign,,nevus,serial imaging showing no change,,,,,,,,True,,,,male,,,,,,dermoscopic,,600,450
5aaf127b1165976913629745,ISIC_0024802,65,,benign,,nevus,serial imaging showing no change,,,,,,,,True,,,,male,,,,,,dermoscopic,,600,450
5aaf127b1165976913629750,ISIC_0024803,45,posterior torso,benign,,nevus,serial imaging showing no change,,,,,,,,True,,,,female,,,,,,dermoscopic,,600,450
5aaf127b116597691362975b,ISIC_0024804,55,anterior torso,benign,,nevus,serial imaging showing no change,,,,,,,,True,,,,male,,,,,,dermoscopic,,600,450
5aaf127b116597691362976b,ISIC_0024805,75,upper extremity,malignant,,melanoma,histopathology,,,,,,,,True,,,,male,,,,,,dermoscopic,,600,450
5aaf127b1165976913629778,ISIC_0024806,70,posterior torso,malignant,,melanoma,histopathology,,,,,,,,True,,,,female,,,,,,dermoscopic,,600,450
5aaf127b1165976913629786,ISIC_0024807,65,lower extremity,benign,,nevus,serial imaging showing no change,,,,,,,,True,,,,male,,,,,,dermoscopic,,600,450
5aaf127b1165976913629795,ISIC_0024808,45,posterior torso,benign,,nevus,histopathology,,,,,,,,True,,,,male,,,,,,dermoscopic,,600,450
5aaf127b11659769136297a0,ISIC_0024809,40,head/neck,benign,,nevus,histopathology,,,,,,,,True,,,,female,,,,,,dermoscopic,,600,450
5aaf127b11659769136297ab,ISIC_0024810,50,,benign,,nevus,serial imaging showing no change,,,,,,,,True,,,,male,,,,,,dermoscopic,,600,450
5aaf127b11659769136297b6,ISIC_0024811,55,,benign,,nevus,serial imaging showing no change,,,,,,,,True,,,,male,,,,,,dermoscopic,,600,450
5aaf127c11659769136297c1,ISIC_0024812,30,,benign,,nevus,serial imaging showing no change,,,,,,,,True,,,,female,,,,,,dermoscopic,,600,450
5aaf127c11659769136297cd,ISIC_0024813,30,posterior torso,benign,,nevus,histopathology,,,,,,,,True,,,,male,,,,,,dermoscopic,,600,450
5aaf127c11659769136297da,ISIC_0024814,50,head/neck,,,pigmented benign keratosis,confocal microscopy with consensus dermoscopy,,,,,,,,False,,,,female,,,,,,dermoscopic,,600,450
5aaf127c11659769136297e6,ISIC_0024815,25,anterior torso,benign,,nevus,serial imaging showing no change,,,,,,,,True,,,,female,,,,,,dermoscopic,,600,450
5aaf127c11659769136297f1,ISIC_0024816,65,posterior torso,benign,,nevus,serial imaging showing no change,,,,,,,,True,,,,female,,,,,,dermoscopic,,600,450
5aaf127c11659769136297fc,ISIC_0024817,40,,benign,,nevus,serial imaging showing no change,,,,,,,,True,,,,female,,,,,,dermoscopic,,600,450
5aaf127c116597691362980a,ISIC_0024818,40,posterior torso,benign,,nevus,single image expert consensus,,,,,,,,True,,,,male,,,,,,dermoscopic,,600,450
5aaf127c1165976913629816,ISIC_0024819,70,lower extremity,benign,,nevus,serial imaging showing no change,,,,,,,,True,,,,female,,,,,,dermoscopic,,600,450
5aaf127c1165976913629828,ISIC_0024820,50,,benign,,nevus,serial imaging showing no change,,,,,,,,True,,,,female,,,,,,dermoscopic,,600,450
5aaf127c116597691362983b,ISIC_0024821,65,posterior torso,benign,,nevus,single image expert consensus,,,,,,,,True,,,,male,,,,,,dermoscopic,,600,450
5aaf127d1165976913629849,ISIC_0024822,65,lower extremity,benign,,nevus,serial imaging showing no change,,,,,,,,True,,,,male,,,,,,dermoscopic,,600,450
5aaf127d1165976913629855,ISIC_0024823,35,posterior torso,malignant,,melanoma,histopathology,,,,,,,,True,,,,male,,,,,,dermoscopic,,600,450
5aaf127d1165976913629860,ISIC_0024824,50,upper extremity,benign,,nevus,histopathology,,,,,,,,True,,,,female,,,,,,dermoscopic,,600,450
5aaf127d116597691362986b,ISIC_0024825,70,lower extremity,,,pigmented benign keratosis,histopathology,,,,,,,,False,,,,male,,,,,,dermoscopic,,600,450
5aaf127d1165976913629876,ISIC_0024826,40,upper extremity,benign,,nevus,serial imaging showing no change,,,,,,,,True,,,,female,,,,,,dermoscopic,,600,450
5aaf127d1165976913629882,ISIC_0024827,60,anterior torso,benign,,nevus,histopathology,,,,,,,,True,,,,male,,,,,,dermoscopic,,600,450
5aaf127d116597691362988f,ISIC_0024828,60,posterior torso,benign,,nevus,serial imaging showing no change,,,,,,,,True,,,,male,,,,,,dermoscopic,,600,450
5aaf127d116597691362989a,ISIC_0024829,75,head/neck,,,basal cell carcinoma,histopathology,,,,,,,,False,,,,male,,,,,,dermoscopic,,600,450
5aaf127d11659769136298a5,ISIC_0024830,15,anterior torso,benign,,nevus,single image expert consensus,,,,,,,,True,,,,female,,,,,,dermoscopic,,600,450
5aaf127d11659769136298b0,ISIC_0024831,50,upper extremity,benign,,nevus,histopathology,,,,,,,,True,,,,female,,,,,,dermoscopic,,600,450
5aaf127d11659769136298bd,ISIC_0024832,40,head/neck,,,pigmented benign keratosis,histopathology,,,,,,,,False,,,,female,,,,,,dermoscopic,,600,450
5aaf127e11659769136298ca,ISIC_0024833,65,posterior torso,,,basal cell carcinoma,histopathology,,,,,,,,False,,,,male,,,,,,dermoscopic,,600,450
5aaf127e11659769136298d8,ISIC_0024834,70,anterior torso,benign,,nevus,histopathology,,,,,,,,True,,,,male,,,,,,dermoscopic,,600,450
5aaf127e11659769136298e6,ISIC_0024835,45,,benign,,nevus,serial imaging showing no change,,,,,,,,True,,,,female,,,,,,dermoscopic,,600,450
5aaf127e11659769136298f7,ISIC_0024836,45,posterior torso,benign,,nevus,histopathology,,,,,,,,True,,,,male,,,,,,dermoscopic,,600,450
5aaf127e1165976913629902,ISIC_0024837,50,lower extremity,benign,,nevus,histopathology,,,,,,,,True,,,,female,,,,,,dermoscopic,,600,450
5aaf127e116597691362990d,ISIC_0024838,45,anterior torso,benign,,nevus,serial imaging showing no change,,,,,,,,True,,,,female,,,,,,dermoscopic,,600,450
5aaf127e116597691362991a,ISIC_0024839,50,head/neck,,,pigmented benign keratosis,histopathology,,,,,,,,False,,,,male,,,,,,dermoscopic,,600,450
5aaf127e116597691362992a,ISIC_0024840,45,anterior torso,benign,,nevus,serial imaging showing no change,,,,,,,,True,,,,male,,,,,,dermoscopic,,600,450
5aaf127e1165976913629937,ISIC_0024841,60,posterior torso,benign,,nevus,histopathology,,,,,,,,True,,,,male,,,,,,dermoscopic,,600,450
5aaf127f1165976913629946,ISIC_0024842,45,anterior torso,benign,,nevus,histopathology,,,,,,,,True,,,,male,,,,,,dermoscopic,,600,450
5aaf127f1165976913629952,ISIC_0024843,70,head/neck,,,squamous cell carcinoma,histopathology,,,,,,,,False,,,,female,,,,,,dermoscopic,,600,450
5aaf127f116597691362995d,ISIC_0024844,60,posterior torso,benign,,nevus,serial imaging showing no change,,,,,,,,True,,,,male,,,,,,dermoscopic,,600,450
5aaf127f1165976913629968,ISIC_0024845,40,lower extremity,,,dermatofibroma,single image expert consensus,,,,,,,,False,,,,male,,,,,,dermoscopic,,600,450
5aaf127f1165976913629973,ISIC_0024846,40,posterior torso,benign,,nevus,histopathology,,,,,,,,True,,,,female,,,,,,dermoscopic,,600,450
5aaf127f1165976913629980,ISIC_0024847,45,upper extremity,benign,,nevus,serial imaging showing no change,,,,,,,,True,,,,female,,,,,,dermoscopic,,600,450
5aaf127f116597691362998d,ISIC_0024848,80,posterior torso,,,basal cell carcinoma,histopathology,,,,,,,,False,,,,male,,,,,,dermoscopic,,600,450
5aaf127f1165976913629998,ISIC_0024849,55,,benign,,nevus,serial imaging showing no change,,,,,,,,True,,,,female,,,,,,dermoscopic,,600,450
5aaf127f11659769136299a3,ISIC_0024850,55,head/neck,,,pigmented benign keratosis,single image expert consensus,,,,,,,,False,,,,female,,,,,,dermoscopic,,600,450
5aaf127f11659769136299ae,ISIC_0024851,85,posterior torso,,,pigmented benign keratosis,histopathology,,,,,,,,False,,,,male,,,,,,dermoscopic,,600,450
5aaf127f11659769136299bb,ISIC_0024852,70,,benign,,nevus,serial imaging showing no change,,,,,,,,True,,,,male,,,,,,dermoscopic,,600,450
5aaf127f11659769136299c8,ISIC_0024853,70,,malignant,,melanoma,histopathology,,,,,,,,True,,,,male,,,,,,dermoscopic,,600,450
5aaf128011659769136299d5,ISIC_0024854,15,posterior torso,benign,,nevus,histopathology,,,,,,,,True,,,,male,,,,,,dermoscopic,,600,450
5aaf128011659769136299ea,ISIC_0024855,30,posterior torso,benign,,nevus,histopathology,,,,,,,,True,,,,female,,,,,,dermoscopic,,600,450
5aaf128011659769136299f9,ISIC_0024856,75,lower extremity,benign,,nevus,serial imaging showing no change,,,,,,,,True,,,,male,,,,,,dermoscopic,,600,450
5aaf12801165976913629a07,ISIC_0024857,30,lower extremity,benign,,nevus,single image expert consensus,,,,,,,,True,,,,male,,,,,,dermoscopic,,600,450
5aaf12801165976913629a12,ISIC_0024858,40,,benign,,nevus,serial imaging showing no change,,,,,,,,True,,,,male,,,,,,dermoscopic,,600,450
5aaf12801165976913629a1d,ISIC_0024859,50,,benign,,nevus,serial imaging showing no change,,,,,,,,True,,,,male,,,,,,dermoscopic,,600,450
5aaf12801165976913629a28,ISIC_0024860,55,,benign,,nevus,serial imaging showing no change,,,,,,,,True,,,,male,,,,,,dermoscopic,,600,450
5aaf12801165976913629a33,ISIC_0024861,40,lower extremity,benign,,nevus,serial imaging showing no change,,,,,,,,True,,,,female,,,,,,dermoscopic,,600,450
5aaf12801165976913629a40,ISIC_0024862,85,,benign,,nevus,histopathology,,,,,,,,True,,,,male,,,,,,dermoscopic,,600,450
5aaf12801165976913629a4c,ISIC_0024863,55,head/neck,benign,,nevus,serial imaging showing no change,,,,,,,,True,,,,male,,,,,,dermoscopic,,600,450
5aaf12811165976913629a57,ISIC_0024864,40,lower extremity,malignant,,melanoma,histopathology,,,,,,,,True,,,,female,,,,,,dermoscopic,,600,450
5aaf12811165976913629a62,ISIC_0024865,55,upper extremity,malignant,,melanoma,histopathology,,,,,,,,True,,,,male,,,,,,dermoscopic,,600,450
