_id,name,meta.clinical.age_approx,meta.clinical.anatom_site_general,meta.clinical.benign_malignant,meta.clinical.clin_size_long_diam_mm,meta.clinical.diagnosis,meta.clinical.diagnosis_confirm_type,meta.clinical.family_hx_mm,meta.clinical.lesion_id,meta.clinical.mel_class,meta.clinical.mel_mitotic_index,meta.clinical.mel_thick_mm,meta.clinical.mel_type,meta.clinical.mel_ulcer,meta.clinical.melanocytic,meta.clinical.nevus_type,meta.clinical.patient_id,meta.clinical.personal_hx_mm,meta.clinical.sex,meta.acquisition.acquisition_day,meta.acquisition.blurry,meta.acquisition.color_tint,meta.acquisition.dermoscopic_type,meta.acquisition.hairy,meta.acquisition.image_type,meta.acquisition.marker_pen,meta.acquisition.pixelsX,meta.acquisition.pixelsY
584191719fc3c16793d59e33,ISIC_0015917,65,,benign,,seborrheic keratosis,single image expert consensus,,,,,,,,False,,,,male,,,,,,dermoscopic,,2592,1936
584191729fc3c16793d59e3c,ISIC_0015918,65,,benign,,seborrheic keratosis,single image expert consensus,,,,,,,,False,,,,male,,,,,,dermoscopic,,2592,1936
584191729fc3c16793d59e47,ISIC_0015919,65,,benign,,seborrheic keratosis,single image expert consensus,,,,,,,,False,,,,male,,,,,,dermoscopic,,2592,1936
584191739fc3c16793d59e51,ISIC_0015920,65,,benign,,seborrheic keratosis,single image expert consensus,,,,,,,,False,,,,male,,,,,,dermoscopic,,2592,1936
584191739fc3c16793d59e5d,ISIC_0015921,65,,benign,,seborrheic keratosis,single image expert consensus,,,,,,,,False,,,,male,,,,,,dermoscopic,,2592,1936
584191739fc3c16793d59e66,ISIC_0015922,65,,benign,,seborrheic keratosis,single image expert consensus,,,,,,,,False,,,,male,,,,,,dermoscopic,,2592,1936
584191749fc3c16793d59e71,ISIC_0015923,65,,benign,,seborrheic keratosis,single image expert consensus,,,,,,,,False,,,,male,,,,,,dermoscopic,,2592,1936
584191749fc3c16793d59e7a,ISIC_0015924,65,,benign,,seborrheic keratosis,single image expert consensus,,,,,,,,False,,,,male,,,,,,dermoscopic,,2592,1936
584191749fc3c16793d59e85,ISIC_0015925,65,,benign,,seborrheic keratosis,single image expert consensus,,,,,,,,False,,,,male,,,,,,dermoscopic,,2592,1936
584191759fc3c16793d59e90,ISIC_0015926,65,,benign,,seborrheic keratosis,single image expert consensus,,,,,,,,False,,,,male,,,,,,dermoscopic,,2592,1936
584191759fc3c16793d59e99,ISIC_0015927,65,,benign,,seborrheic keratosis,single image expert consensus,,,,,,,,False,,,,male,,,,,,dermoscopic,,2592,1936
584191759fc3c16793d59ea2,ISIC_0015928,65,,benign,,seborrheic keratosis,single image expert consensus,,,,,,,,False,,,,male,,,,,,dermoscopic,,2592,1936
584191759fc3c16793d59eab,ISIC_0015929,65,head/neck,benign,,seborrheic keratosis,single image expert consensus,,,,,,,,False,,,,male,,,,,,dermoscopic,,2592,1936
584191759fc3c16793d59eb4,ISIC_0015930,65,head/neck,benign,,seborrheic keratosis,single image expert consensus,,,,,,,,False,,,,male,,,,,,dermoscopic,,2592,1936
584191769fc3c16793d59ebd,ISIC_0015931,65,,benign,,seborrheic keratosis,single image expert consensus,,,,,,,,False,,,,male,,,,,,dermoscopic,,2592,1936
584191769fc3c16793d59ec6,ISIC_0015932,65,,benign,,seborrheic keratosis,single image expert consensus,,,,,,,,False,,,,male,,,,,,dermoscopic,,2592,1936
584191769fc3c16793d59ecf,ISIC_0015933,65,,benign,,seborrheic keratosis,single image expert consensus,,,,,,,,False,,,,male,,,,,,dermoscopic,,2592,1936
584191769fc3c16793d59ed8,ISIC_0015934,65,,benign,,seborrheic keratosis,single image expert consensus,,,,,,,,False,,,,male,,,,,,dermoscopic,,2592,1936
584191779fc3c16793d59ee1,ISIC_0015935,65,,benign,,seborrheic keratosis,single image expert consensus,,,,,,,,False,,,,male,,,,,,dermoscopic,,2592,1936
