_id,name,meta.clinical.age_approx,meta.clinical.anatom_site_general,meta.clinical.benign_malignant,meta.clinical.clin_size_long_diam_mm,meta.clinical.diagnosis,meta.clinical.diagnosis_confirm_type,meta.clinical.family_hx_mm,meta.clinical.lesion_id,meta.clinical.mel_class,meta.clinical.mel_mitotic_index,meta.clinical.mel_thick_mm,meta.clinical.mel_type,meta.clinical.mel_ulcer,meta.clinical.melanocytic,meta.clinical.nevus_type,meta.clinical.patient_id,meta.clinical.personal_hx_mm,meta.clinical.sex,meta.acquisition.acquisition_day,meta.acquisition.blurry,meta.acquisition.color_tint,meta.acquisition.dermoscopic_type,meta.acquisition.hairy,meta.acquisition.image_type,meta.acquisition.marker_pen,meta.acquisition.pixelsX,meta.acquisition.pixelsY
5aaf12591165976913628675,ISIC_0024466,50,head/neck,benign,,nevus,histopathology,,,,,,,,True,,,,male,,,,,,dermoscopic,,600,450
5aaf12591165976913628689,ISIC_0024467,40,lower extremity,benign,,nevus,serial imaging showing no change,,,,,,,,True,,,,male,,,,,,dermoscopic,,600,450
5aaf125a116597691362869a,ISIC_0024468,75,head/neck,,,actinic keratosis,histopathology,,,,,,,,False,,,,male,,,,,,dermoscopic,,600,450
5aaf125a11659769136286a8,ISIC_0024469,45,,benign,,nevus,serial imaging showing no change,,,,,,,,True,,,,male,,,,,,dermoscopic,,600,450
5aaf125a11659769136286b4,ISIC_0024470,60,upper extremity,,,actinic keratosis,histopathology,,,,,,,,False,,,,male,,,,,,dermoscopic,,600,450
5aaf125a11659769136286bf,ISIC_0024471,55,upper extremity,,,pigmented benign keratosis,histopathology,,,,,,,,False,,,,male,,,,,,dermoscopic,,600,450
5aaf125a11659769136286ca,ISIC_0024472,85,lower extremity,,,basal cell carcinoma,histopathology,,,,,,,,False,,,,male,,,,,,dermoscopic,,600,450
5aaf125a11659769136286d5,ISIC_0024473,50,lower extremity,benign,,nevus,serial imaging showing no change,,,,,,,,True,,,,male,,,,,,dermoscopic,,600,450
5aaf125a11659769136286e2,ISIC_0024474,65,,benign,,nevus,serial imaging showing no change,,,,,,,,True,,,,male,,,,,,dermoscopic,,600,450
5aaf125a11659769136286ee,ISIC_0024475,35,head/neck,,,vascular lesion,single image expert consensus,,,,,,,,False,,,,male,,,,,,dermoscopic,,600,450
5aaf125a11659769136286f9,ISIC_0024476,85,lower extremity,benign,,nevus,histopathology,,,,,,,,True,,,,male,,,,,,dermoscopic,,600,450
5aaf125a1165976913628704,ISIC_0024477,60,posterior torso,,,pigmented benign keratosis,histopathology,,,,,,,,False,,,,male,,,,,,dermoscopic,,600,450
5aaf125a116597691362870f,ISIC_0024478,45,,benign,,nevus,serial imaging showing no change,,,,,,,,True,,,,female,,,,,,dermoscopic,,600,450
5aaf125a116597691362871a,ISIC_0024479,5,upper extremity,benign,,nevus,single image expert consensus,,,,,,,,True,,,,male,,,,,,dermoscopic,,600,450
5aaf125b1165976913628729,ISIC_0024480,60,posterior torso,benign,,nevus,histopathology,,,,,,,,True,,,,male,,,,,,dermoscopic,,600,450
5aaf125b1165976913628737,ISIC_0024481,50,,malignant,,melanoma,histopathology,,,,,,,,True,,,,female,,,,,,dermoscopic,,600,450
5aaf125b1165976913628748,ISIC_0024482,50,posterior torso,malignant,,melanoma,histopathology,,,,,,,,True,,,,male,,,,,,dermoscopic,,600,450
5aaf125b1165976913628756,ISIC_0024483,25,upper extremity,benign,,nevus,serial imaging showing no change,,,,,,,,True,,,,female,,,,,,dermoscopic,,600,450
5aaf125b1165976913628761,ISIC_0024484,55,anterior torso,benign,,nevus,serial imaging showing no change,,,,,,,,True,,,,male,,,,,,dermoscopic,,600,450
5aaf125b116597691362876d,ISIC_0024485,60,upper extremity,benign,,nevus,serial imaging showing no change,,,,,,,,True,,,,male,,,,,,dermoscopic,,600,450
5aaf125b116597691362877b,ISIC_0024486,50,upper extremity,benign,,nevus,serial imaging showing no change,,,,,,,,True,,,,male,,,,,,dermoscopic,,600,450
5aaf125b116597691362878a,ISIC_0024487,40,lower extremity,benign,,nevus,serial imaging showing no change,,,,,,,,True,,,,female,,,,,,dermoscopic,,600,450
5aaf125b1165976913628797,ISIC_0024488,55,,benign,,nevus,serial imaging showing no change,,,,,,,,True,,,,female,,,,,,dermoscopic,,600,450
5aaf125c11659769136287a6,ISIC_0024489,75,head/neck,,,pigmented benign keratosis,confocal microscopy with consensus dermoscopy,,,,,,,,False,,,,female,,,,,,dermoscopic,,600,450
5aaf125c11659769136287b1,ISIC_0024490,75,head/neck,,,pigmented benign keratosis,single image expert consensus,,,,,,,,False,,,,male,,,,,,dermoscopic,,600,450
5aaf125c11659769136287bc,ISIC_0024491,70,posterior torso,benign,,nevus,serial imaging showing no change,,,,,,,,True,,,,male,,,,,,dermoscopic,,600,450
5aaf125c11659769136287c7,ISIC_0024492,60,lower extremity,benign,,nevus,serial imaging showing no change,,,,,,,,True,,,,male,,,,,,dermoscopic,,600,450
5aaf125c11659769136287d2,ISIC_0024493,40,lower extremity,benign,,nevus,serial imaging showing no change,,,,,,,,True,,,,male,,,,,,dermoscopic,,600,450
5aaf125c11659769136287dd,ISIC_0024494,55,anterior torso,,,pigmented benign keratosis,histopathology,,,,,,,,False,,,,female,,,,,,dermoscopic,,600,450
5aaf125c11659769136287eb,ISIC_0024495,45,lower extremity,,,pigmented benign keratosis,histopathology,,,,,,,,False,,,,female,,,,,,dermoscopic,,600,450
5aaf125c11659769136287f7,ISIC_0024496,60,lower extremity,malignant,,melanoma,histopathology,,,,,,,,True,,,,female,,,,,,dermoscopic,,600,450
5aaf125c1165976913628802,ISIC_0024497,55,lower extremity,benign,,nevus,histopathology,,,,,,,,True,,,,male,,,,,,dermoscopic,,600,450
5aaf125c116597691362880d,ISIC_0024498,70,head/neck,,,pigmented benign keratosis,single image expert consensus,,,,,,,,False,,,,male,,,,,,dermoscopic,,600,450
5aaf125c1165976913628819,ISIC_0024499,55,lower extremity,benign,,nevus,serial imaging showing no change,,,,,,,,True,,,,male,,,,,,dermoscopic,,600,450
5aaf125c1165976913628826,ISIC_0024500,45,anterior torso,benign,,nevus,serial imaging showing no change,,,,,,,,True,,,,male,,,,,,dermoscopic,,600,450
5aaf125d1165976913628837,ISIC_0024501,5,lower extremity,benign,,nevus,serial imaging showing no change,,,,,,,,True,,,,male,,,,,,dermoscopic,,600,450
5aaf125d116597691362884b,ISIC_0024502,45,lower extremity,benign,,nevus,serial imaging showing no change,,,,,,,,True,,,,male,,,,,,dermoscopic,,600,450
5aaf125d116597691362885a,ISIC_0024503,50,lower extremity,benign,,nevus,histopathology,,,,,,,,True,,,,male,,,,,,dermoscopic,,600,450
5aaf125d1165976913628866,ISIC_0024504,85,head/neck,,,basal cell carcinoma,histopathology,,,,,,,,False,,,,female,,,,,,dermoscopic,,600,450
5aaf125d1165976913628871,ISIC_0024505,40,head/neck,,,pigmented benign keratosis,histopathology,,,,,,,,False,,,,female,,,,,,dermoscopic,,600,450
5aaf125d116597691362887c,ISIC_0024506,55,posterior torso,benign,,nevus,serial imaging showing no change,,,,,,,,True,,,,female,,,,,,dermoscopic,,600,450
5aaf125d1165976913628887,ISIC_0024507,30,anterior torso,benign,,nevus,single image expert consensus,,,,,,,,True,,,,female,,,,,,dermoscopic,,600,450
5aaf125d1165976913628894,ISIC_0024508,50,,benign,,nevus,serial imaging showing no change,,,,,,,,True,,,,male,,,,,,dermoscopic,,600,450
5aaf125d11659769136288a0,ISIC_0024509,55,,benign,,nevus,serial imaging showing no change,,,,,,,,True,,,,female,,,,,,dermoscopic,,600,450
5aaf125e11659769136288ab,ISIC_0024510,55,lower extremity,benign,,nevus,serial imaging showing no change,,,,,,,,True,,,,female,,,,,,dermoscopic,,600,450
5aaf125e11659769136288b6,ISIC_0024511,55,head/neck,,,actinic keratosis,histopathology,,,,,,,,False,,,,female,,,,,,dermoscopic,,600,450
5aaf125e11659769136288c1,ISIC_0024512,45,lower extremity,benign,,nevus,serial imaging showing no change,,,,,,,,True,,,,male,,,,,,dermoscopic,,600,450
5aaf125e11659769136288cc,ISIC_0024513,75,upper extremity,benign,,nevus,serial imaging showing no change,,,,,,,,True,,,,male,,,,,,dermoscopic,,600,450
5aaf125e11659769136288d7,ISIC_0024514,50,posterior torso,benign,,nevus,histopathology,,,,,,,,True,,,,male,,,,,,dermoscopic,,600,450
5aaf125e11659769136288e8,ISIC_0024515,65,posterior torso,,,basal cell carcinoma,histopathology,,,,,,,,False,,,,male,,,,,,dermoscopic,,600,450
5aaf125e11659769136288f8,ISIC_0024516,40,posterior torso,malignant,,melanoma,histopathology,,,,,,,,True,,,,male,,,,,,dermoscopic,,600,450
5aaf125e1165976913628908,ISIC_0024517,65,posterior torso,,,squamous cell carcinoma,histopathology,,,,,,,,False,,,,male,,,,,,dermoscopic,,600,450
5aaf125e1165976913628913,ISIC_0024518,35,posterior torso,benign,,nevus,histopathology,,,,,,,,True,,,,female,,,,,,dermoscopic,,600,450
5aaf125e116597691362891e,ISIC_0024519,55,lower extremity,benign,,nevus,single image expert consensus,,,,,,,,True,,,,female,,,,,,dermoscopic,,600,450
5aaf125f116597691362892c,ISIC_0024520,60,,benign,,nevus,histopathology,,,,,,,,True,,,,male,,,,,,dermoscopic,,600,450
5aaf125f116597691362893c,ISIC_0024521,45,,benign,,nevus,serial imaging showing no change,,,,,,,,True,,,,female,,,,,,dermoscopic,,600,450
5aaf125f116597691362894b,ISIC_0024522,65,lower extremity,,,squamous cell carcinoma,histopathology,,,,,,,,False,,,,male,,,,,,dermoscopic,,600,450
5aaf125f1165976913628958,ISIC_0024523,45,,benign,,nevus,serial imaging showing no change,,,,,,,,True,,,,female,,,,,,dermoscopic,,600,450
5aaf125f1165976913628963,ISIC_0024524,5,lower extremity,benign,,nevus,histopathology,,,,,,,,True,,,,female,,,,,,dermoscopic,,600,450
5aaf125f116597691362896e,ISIC_0024525,65,upper extremity,malignant,,melanoma,histopathology,,,,,,,,True,,,,male,,,,,,dermoscopic,,600,450
5aaf125f1165976913628979,ISIC_0024526,50,posterior torso,benign,,nevus,serial imaging showing no change,,,,,,,,True,,,,female,,,,,,dermoscopic,,600,450
5aaf125f1165976913628984,ISIC_0024527,50,,benign,,nevus,serial imaging showing no change,,,,,,,,True,,,,male,,,,,,dermoscopic,,600,450
5aaf125f1165976913628992,ISIC_0024528,25,upper extremity,benign,,nevus,serial imaging showing no change,,,,,,,,True,,,,female,,,,,,dermoscopic,,600,450
5aaf125f116597691362899e,ISIC_0024529,25,anterior torso,benign,,nevus,histopathology,,,,,,,,True,,,,male,,,,,,dermoscopic,,600,450
5aaf126011659769136289a9,ISIC_0024530,35,lower extremity,benign,,nevus,serial imaging showing no change,,,,,,,,True,,,,male,,,,,,dermoscopic,,600,450
5aaf126011659769136289b4,ISIC_0024531,65,,benign,,nevus,serial imaging showing no change,,,,,,,,True,,,,male,,,,,,dermoscopic,,600,450
5aaf126011659769136289bf,ISIC_0024532,40,anterior torso,benign,,nevus,serial imaging showing no change,,,,,,,,True,,,,male,,,,,,dermoscopic,,600,450
5aaf126011659769136289cb,ISIC_0024533,45,upper extremity,benign,,nevus,serial imaging showing no change,,,,,,,,True,,,,male,,,,,,dermoscopic,,600,450
5aaf126011659769136289d8,ISIC_0024534,40,posterior torso,benign,,nevus,serial imaging showing no change,,,,,,,,True,,,,male,,,,,,dermoscopic,,600,450
5aaf126011659769136289eb,ISIC_0024535,50,posterior torso,benign,,nevus,serial imaging showing no change,,,,,,,,True,,,,male,,,,,,dermoscopic,,600,450
5aaf126011659769136289fe,ISIC_0024536,40,head/neck,benign,,nevus,serial imaging showing no change,,,,,,,,True,,,,female,,,,,,dermoscopic,,600,450
5aaf12601165976913628a0c,ISIC_0024537,85,upper extremity,malignant,,melanoma,histopathology,,,,,,,,True,,,,male,,,,,,dermoscopic,,600,450
5aaf12601165976913628a18,ISIC_0024538,35,,benign,,nevus,histopathology,,,,,,,,True,,,,male,,,,,,dermoscopic,,600,450
5aaf12611165976913628a23,ISIC_0024539,70,head/neck,,,squamous cell carcinoma,histopathology,,,,,,,,False,,,,male,,,,,,dermoscopic,,600,450
5aaf12611165976913628a2e,ISIC_0024540,25,,benign,,nevus,single image expert consensus,,,,,,,,True,,,,female,,,,,,dermoscopic,,600,450
5aaf12611165976913628a39,ISIC_0024541,65,lower extremity,benign,,nevus,serial imaging showing no change,,,,,,,,True,,,,male,,,,,,dermoscopic,,600,450
5aaf12611165976913628a46,ISIC_0024542,40,upper extremity,benign,,nevus,serial imaging showing no change,,,,,,,,True,,,,male,,,,,,dermoscopic,,600,450
5aaf12611165976913628a52,ISIC_0024543,45,lower extremity,benign,,nevus,serial imaging showing no change,,,,,,,,True,,,,male,,,,,,dermoscopic,,600,450
5aaf12611165976913628a5d,ISIC_0024544,45,posterior torso,benign,,nevus,serial imaging showing no change,,,,,,,,True,,,,male,,,,,,dermoscopic,,600,450
5aaf12611165976913628a68,ISIC_0024545,60,anterior torso,malignant,,melanoma,histopathology,,,,,,,,True,,,,female,,,,,,dermoscopic,,600,450
