_id,name,meta.clinical.age_approx,meta.clinical.anatom_site_general,meta.clinical.benign_malignant,meta.clinical.clin_size_long_diam_mm,meta.clinical.diagnosis,meta.clinical.diagnosis_confirm_type,meta.clinical.family_hx_mm,meta.clinical.lesion_id,meta.clinical.mel_class,meta.clinical.mel_mitotic_index,meta.clinical.mel_thick_mm,meta.clinical.mel_type,meta.clinical.mel_ulcer,meta.clinical.melanocytic,meta.clinical.nevus_type,meta.clinical.patient_id,meta.clinical.personal_hx_mm,meta.clinical.sex,meta.acquisition.acquisition_day,meta.acquisition.blurry,meta.acquisition.color_tint,meta.acquisition.dermoscopic_type,meta.acquisition.hairy,meta.acquisition.image_type,meta.acquisition.marker_pen,meta.acquisition.pixelsX,meta.acquisition.pixelsY
5aaf125611659769136284c1,ISIC_0024432,65,head/neck,,,basal cell carcinoma,histopathology,,,,,,,,False,,,,male,,,,,,dermoscopic,,600,450
5aaf12561165976913628502,ISIC_0024436,80,posterior torso,,,basal cell carcinoma,histopathology,,,,,,,,False,,,,male,,,,,,dermoscopic,,600,450
5aaf12571165976913628552,ISIC_0024443,55,posterior torso,,,basal cell carcinoma,histopathology,,,,,,,,False,,,,male,,,,,,dermoscopic,,600,450
5aaf12571165976913628595,ISIC_0024448,65,upper extremity,,,basal cell carcinoma,histopathology,,,,,,,,False,,,,male,,,,,,dermoscopic,,600,450
5aaf125811659769136285ca,ISIC_0024452,40,posterior torso,,,basal cell carcinoma,histopathology,,,,,,,,False,,,,male,,,,,,dermoscopic,,600,450
5aaf125811659769136285e7,ISIC_0024454,80,lower extremity,,,basal cell carcinoma,histopathology,,,,,,,,False,,,,male,,,,,,dermoscopic,,600,450
5aaf1258116597691362860a,ISIC_0024457,85,head/neck,,,basal cell carcinoma,histopathology,,,,,,,,False,,,,male,,,,,,dermoscopic,,600,450
5aaf12591165976913628639,ISIC_0024461,80,lower extremity,,,basal cell carcinoma,histopathology,,,,,,,,False,,,,female,,,,,,dermoscopic,,600,450
5aaf125a11659769136286ca,ISIC_0024472,85,lower extremity,,,basal cell carcinoma,histopathology,,,,,,,,False,,,,male,,,,,,dermoscopic,,600,450
5aaf125d1165976913628866,ISIC_0024504,85,head/neck,,,basal cell carcinoma,histopathology,,,,,,,,False,,,,female,,,,,,dermoscopic,,600,450
5aaf125e11659769136288e8,ISIC_0024515,65,posterior torso,,,basal cell carcinoma,histopathology,,,,,,,,False,,,,male,,,,,,dermoscopic,,600,450
5aaf12621165976913628aac,ISIC_0024550,75,lower extremity,,,basal cell carcinoma,histopathology,,,,,,,,False,,,,male,,,,,,dermoscopic,,600,450
5aaf12631165976913628b5b,ISIC_0024564,65,upper extremity,,,basal cell carcinoma,histopathology,,,,,,,,False,,,,male,,,,,,dermoscopic,,600,450
5aaf12641165976913628bca,ISIC_0024572,75,posterior torso,,,basal cell carcinoma,histopathology,,,,,,,,False,,,,female,,,,,,dermoscopic,,600,450
5aaf12641165976913628bd5,ISIC_0024573,85,head/neck,,,basal cell carcinoma,histopathology,,,,,,,,False,,,,male,,,,,,dermoscopic,,600,450
5aaf12651165976913628c41,ISIC_0024582,75,posterior torso,,,basal cell carcinoma,histopathology,,,,,,,,False,,,,male,,,,,,dermoscopic,,600,450
5aaf12661165976913628cb0,ISIC_0024590,80,posterior torso,,,basal cell carcinoma,histopathology,,,,,,,,False,,,,male,,,,,,dermoscopic,,600,450
5aaf12661165976913628ce8,ISIC_0024595,65,posterior torso,,,basal cell carcinoma,histopathology,,,,,,,,False,,,,female,,,,,,dermoscopic,,600,450
5aaf126a1165976913628ec0,ISIC_0024632,70,upper extremity,,,basal cell carcinoma,histopathology,,,,,,,,False,,,,female,,,,,,dermoscopic,,600,450
5aaf126a1165976913628edd,ISIC_0024634,80,posterior torso,,,basal cell carcinoma,histopathology,,,,,,,,False,,,,female,,,,,,dermoscopic,,600,450
5aaf126d1165976913629067,ISIC_0024665,65,anterior torso,,,basal cell carcinoma,histopathology,,,,,,,,False,,,,female,,,,,,dermoscopic,,600,450
5aaf126d1165976913629074,ISIC_0024666,65,posterior torso,,,basal cell carcinoma,histopathology,,,,,,,,False,,,,male,,,,,,dermoscopic,,600,450
5aaf126e11659769136290d8,ISIC_0024673,70,posterior torso,,,basal cell carcinoma,histopathology,,,,,,,,False,,,,male,,,,,,dermoscopic,,600,450
5aaf12751165976913629452,ISIC_0024743,65,lower extremity,,,basal cell carcinoma,histopathology,,,,,,,,False,,,,female,,,,,,dermoscopic,,600,450
5aaf12791165976913629689,ISIC_0024787,45,upper extremity,,,basal cell carcinoma,histopathology,,,,,,,,False,,,,male,,,,,,dermoscopic,,600,450
5aaf127a11659769136296e8,ISIC_0024795,55,posterior torso,,,basal cell carcinoma,histopathology,,,,,,,,False,,,,male,,,,,,dermoscopic,,600,450
5aaf127a1165976913629719,ISIC_0024799,45,anterior torso,,,basal cell carcinoma,histopathology,,,,,,,,False,,,,male,,,,,,dermoscopic,,600,450
5aaf127d116597691362989a,ISIC_0024829,75,head/neck,,,basal cell carcinoma,histopathology,,,,,,,,False,,,,male,,,,,,dermoscopic,,600,450
5aaf127e11659769136298ca,ISIC_0024833,65,posterior torso,,,basal cell carcinoma,histopathology,,,,,,,,False,,,,male,,,,,,dermoscopic,,600,450
5aaf127f116597691362998d,ISIC_0024848,80,posterior torso,,,basal cell carcinoma,histopathology,,,,,,,,False,,,,male,,,,,,dermoscopic,,600,450
5aaf12831165976913629b60,ISIC_0024885,50,posterior torso,,,basal cell carcinoma,histopathology,,,,,,,,False,,,,female,,,,,,dermoscopic,,600,450
5aaf12841165976913629bfe,ISIC_0024897,75,posterior torso,,,basal cell carcinoma,histopathology,,,,,,,,False,,,,female,,,,,,dermoscopic,,600,450
5aaf12871165976913629daf,ISIC_0024931,85,upper extremity,,,basal cell carcinoma,histopathology,,,,,,,,False,,,,male,,,,,,dermoscopic,,600,450
5aaf12891165976913629e94,ISIC_0024949,75,upper extremity,,,basal cell carcinoma,histopathology,,,,,,,,False,,,,male,,,,,,dermoscopic,,600,450
5aaf128c116597691362a051,ISIC_0024984,55,posterior torso,,,basal cell carcinoma,histopathology,,,,,,,,False,,,,female,,,,,,dermoscopic,,600,450
5aaf1291116597691362a22c,ISIC_0025019,65,anterior torso,,,basal cell carcinoma,histopathology,,,,,,,,False,,,,male,,,,,,dermoscopic,,600,450
5aaf1292116597691362a2c4,ISIC_0025031,60,anterior torso,,,basal cell carcinoma,histopathology,,,,,,,,False,,,,male,,,,,,dermoscopic,,600,450
5aaf1294116597691362a387,ISIC_0025046,65,anterior torso,,,basal cell carcinoma,histopathology,,,,,,,,False,,,,female,,,,,,dermoscopic,,600,450
5aaf129a116597691362a653,ISIC_0025102,70,lower extremity,,,basal cell carcinoma,histopathology,,,,,,,,False,,,,male,,,,,,dermoscopic,,600,450
5aaf129e116597691362a864,ISIC_0025144,75,posterior torso,,,basal cell carcinoma,histopathology,,,,,,,,False,,,,male,,,,,,dermoscopic,,600,450
5aaf12aa116597691362ae33,ISIC_0025260,70,posterior torso,,,basal cell carcinoma,histopathology,,,,,,,,False,,,,male,,,,,,dermoscopic,,600,450
5aaf12aa116597691362ae88,ISIC_0025266,65,upper extremity,,,basal cell carcinoma,histopathology,,,,,,,,False,,,,female,,,,,,dermoscopic,,600,450
5aaf12ac116597691362af79,ISIC_0025285,75,upper extremity,,,basal cell carcinoma,histopathology,,,,,,,,False,,,,female,,,,,,dermoscopic,,600,450
5aaf12ae116597691362b02e,ISIC_0025299,70,posterior torso,,,basal cell carcinoma,histopathology,,,,,,,,False,,,,male,,,,,,dermoscopic,,600,450
5aaf12ae116597691362b048,ISIC_0025301,70,posterior torso,,,basal cell carcinoma,histopathology,,,,,,,,False,,,,male,,,,,,dermoscopic,,600,450
5aaf12b0116597691362b14d,ISIC_0025322,65,upper extremity,,,basal cell carcinoma,histopathology,,,,,,,,False,,,,male,,,,,,dermoscopic,,600,450
5aaf12b4116597691362b349,ISIC_0025362,65,head/neck,,,basal cell carcinoma,histopathology,,,,,,,,False,,,,female,,,,,,dermoscopic,,600,450
5aaf12b6116597691362b45e,ISIC_0025383,40,posterior torso,,,basal cell carcinoma,histopathology,,,,,,,,False,,,,male,,,,,,dermoscopic,,600,450
5aaf12b9116597691362b610,ISIC_0025417,70,upper extremity,,,basal cell carcinoma,histopathology,,,,,,,,False,,,,male,,,,,,dermoscopic,,600,450
5aaf12bb116597691362b6de,ISIC_0025433,50,lower extremity,,,basal cell carcinoma,histopathology,,,,,,,,False,,,,male,,,,,,dermoscopic,,600,450
5aaf12be116597691362b88f,ISIC_0025467,65,head/neck,,,basal cell carcinoma,histopathology,,,,,,,,False,,,,female,,,,,,dermoscopic,,600,450
5aaf12c2116597691362baa0,ISIC_0025509,55,posterior torso,,,basal cell carcinoma,histopathology,,,,,,,,False,,,,male,,,,,,dermoscopic,,600,450
5aaf12c3116597691362bacf,ISIC_0025513,40,posterior torso,,,basal cell carcinoma,histopathology,,,,,,,,False,,,,male,,,,,,dermoscopic,,600,450
5aaf12c4116597691362bba9,ISIC_0025530,80,lower extremity,,,basal cell carcinoma,histopathology,,,,,,,,False,,,,female,,,,,,dermoscopic,,600,450
5aaf12c7116597691362bd06,ISIC_0025557,80,anterior torso,,,basal cell carcinoma,histopathology,,,,,,,,False,,,,female,,,,,,dermoscopic,,600,450
5aaf12c7116597691362bd5b,ISIC_0025564,50,posterior torso,,,basal cell carcinoma,histopathology,,,,,,,,False,,,,male,,,,,,dermoscopic,,600,450
5aaf12c9116597691362bdf6,ISIC_0025576,55,posterior torso,,,basal cell carcinoma,histopathology,,,,,,,,False,,,,male,,,,,,dermoscopic,,600,450
5aaf12c9116597691362be59,ISIC_0025584,80,head/neck,,,basal cell carcinoma,histopathology,,,,,,,,False,,,,male,,,,,,dermoscopic,,600,450
5aaf12cb116597691362bf29,ISIC_0025600,85,head/neck,,,basal cell carcinoma,histopathology,,,,,,,,False,,,,female,,,,,,dermoscopic,,600,450
5aaf12cb116597691362bf36,ISIC_0025601,40,posterior torso,,,basal cell carcinoma,histopathology,,,,,,,,False,,,,female,,,,,,dermoscopic,,600,450
5aaf12cd116597691362bfff,ISIC_0025617,40,head/neck,,,basal cell carcinoma,histopathology,,,,,,,,False,,,,female,,,,,,dermoscopic,,600,450
5aaf12ce116597691362c0a5,ISIC_0025630,60,posterior torso,,,basal cell carcinoma,histopathology,,,,,,,,False,,,,female,,,,,,dermoscopic,,600,450
5aaf12cf116597691362c15a,ISIC_0025644,40,posterior torso,,,basal cell carcinoma,histopathology,,,,,,,,False,,,,female,,,,,,dermoscopic,,600,450
5aaf12d0116597691362c1a3,ISIC_0025650,70,head/neck,,,basal cell carcinoma,histopathology,,,,,,,,False,,,,male,,,,,,dermoscopic,,600,450
5aaf12d4116597691362c3b1,ISIC_0025691,50,anterior torso,,,basal cell carcinoma,histopathology,,,,,,,,False,,,,female,,,,,,dermoscopic,,600,450
5aaf12d5116597691362c41f,ISIC_0025700,85,head/neck,,,basal cell carcinoma,histopathology,,,,,,,,False,,,,female,,,,,,dermoscopic,,600,450
5aaf12d6116597691362c4b2,ISIC_0025711,80,posterior torso,,,basal cell carcinoma,histopathology,,,,,,,,False,,,,male,,,,,,dermoscopic,,600,450
5aaf12d6116597691362c507,ISIC_0025718,70,posterior torso,,,basal cell carcinoma,histopathology,,,,,,,,False,,,,male,,,,,,dermoscopic,,600,450
5aaf12d8116597691362c5ae,ISIC_0025731,65,,,,basal cell carcinoma,histopathology,,,,,,,,False,,,,male,,,,,,dermoscopic,,600,450
5aaf12da116597691362c6b9,ISIC_0025752,65,posterior torso,,,basal cell carcinoma,histopathology,,,,,,,,False,,,,male,,,,,,dermoscopic,,600,450
5aaf12de116597691362c8c4,ISIC_0025793,60,,,,basal cell carcinoma,histopathology,,,,,,,,False,,,,male,,,,,,dermoscopic,,600,450
5aaf12e0116597691362ca00,ISIC_0025818,70,posterior torso,,,basal cell carcinoma,histopathology,,,,,,,,False,,,,female,,,,,,dermoscopic,,600,450
5aaf12e1116597691362ca49,ISIC_0025824,75,anterior torso,,,basal cell carcinoma,histopathology,,,,,,,,False,,,,male,,,,,,dermoscopic,,600,450
5aaf12e1116597691362ca63,ISIC_0025826,65,posterior torso,,,basal cell carcinoma,histopathology,,,,,,,,False,,,,female,,,,,,dermoscopic,,600,450
5aaf12eb116597691362cfb1,ISIC_0025932,85,head/neck,,,basal cell carcinoma,histopathology,,,,,,,,False,,,,male,,,,,,dermoscopic,,600,450
5aaf12ec116597691362d013,ISIC_0025940,55,head/neck,,,basal cell carcinoma,histopathology,,,,,,,,False,,,,male,,,,,,dermoscopic,,600,450
5aaf12ef116597691362d1a3,ISIC_0025971,45,posterior torso,,,basal cell carcinoma,histopathology,,,,,,,,False,,,,male,,,,,,dermoscopic,,600,450
5aaf12ef116597691362d1d3,ISIC_0025975,40,posterior torso,,,basal cell carcinoma,histopathology,,,,,,,,False,,,,male,,,,,,dermoscopic,,600,450
5aaf12f7116597691362d5de,ISIC_0026056,80,head/neck,,,basal cell carcinoma,histopathology,,,,,,,,False,,,,male,,,,,,dermoscopic,,600,450
5aaf12f9116597691362d6c4,ISIC_0026074,40,anterior torso,,,basal cell carcinoma,histopathology,,,,,,,,False,,,,female,,,,,,dermoscopic,,600,450
