_id,name,meta.clinical.age_approx,meta.clinical.anatom_site_general,meta.clinical.benign_malignant,meta.clinical.clin_size_long_diam_mm,meta.clinical.diagnosis,meta.clinical.diagnosis_confirm_type,meta.clinical.family_hx_mm,meta.clinical.lesion_id,meta.clinical.mel_class,meta.clinical.mel_mitotic_index,meta.clinical.mel_thick_mm,meta.clinical.mel_type,meta.clinical.mel_ulcer,meta.clinical.melanocytic,meta.clinical.nevus_type,meta.clinical.patient_id,meta.clinical.personal_hx_mm,meta.clinical.sex,meta.acquisition.acquisition_day,meta.acquisition.blurry,meta.acquisition.color_tint,meta.acquisition.dermoscopic_type,meta.acquisition.hairy,meta.acquisition.image_type,meta.acquisition.marker_pen,meta.acquisition.pixelsX,meta.acquisition.pixelsY
5aaf13aa116597691363309c,ISIC_0027876,65,lower extremity,,,dermatofibroma,histopathology,,,,,,,,False,,,,female,,,,,,dermoscopic,,600,450
5aaf13d71165976913634804,ISIC_0028346,65,lower extremity,,,dermatofibroma,histopathology,,,,,,,,False,,,,female,,,,,,dermoscopic,,600,450
5aaf13f5116597691363572c,ISIC_0028651,55,lower extremity,,,dermatofibroma,single image expert consensus,,,,,,,,False,,,,female,,,,,,dermoscopic,,600,450
5aaf13fd1165976913635b5d,ISIC_0028735,30,lower extremity,,,dermatofibroma,single image expert consensus,,,,,,,,False,,,,male,,,,,,dermoscopic,,600,450
5aaf14021165976913635e19,ISIC_0028790,75,posterior torso,,,dermatofibroma,histopathology,,,,,,,,False,,,,male,,,,,,dermoscopic,,600,450
5aaf140b1165976913636297,ISIC_0028880,55,lower extremity,,,dermatofibroma,histopathology,,,,,,,,False,,,,male,,,,,,dermoscopic,,600,450
5aaf141011659769136364e4,ISIC_0028926,65,upper extremity,,,dermatofibroma,histopathology,,,,,,,,False,,,,male,,,,,,dermoscopic,,600,450
5aaf141b1165976913636a82,ISIC_0029039,50,lower extremity,,,dermatofibroma,histopathology,,,,,,,,False,,,,female,,,,,,dermoscopic,,600,450
5aaf141c1165976913636b2e,ISIC_0029052,75,lower extremity,,,dermatofibroma,single image expert consensus,,,,,,,,False,,,,female,,,,,,dermoscopic,,600,450
5aaf14241165976913636f08,ISIC_0029130,70,lower extremity,,,dermatofibroma,single image expert consensus,,,,,,,,False,,,,male,,,,,,dermoscopic,,600,450
5aaf14281165976913637161,ISIC_0029177,35,lower extremity,,,dermatofibroma,single image expert consensus,,,,,,,,False,,,,female,,,,,,dermoscopic,,600,450
5aaf142f11659769136374f4,ISIC_0029248,55,lower extremity,,,dermatofibroma,histopathology,,,,,,,,False,,,,male,,,,,,dermoscopic,,600,450
5aaf1434116597691363775e,ISIC_0029297,40,lower extremity,,,dermatofibroma,single image expert consensus,,,,,,,,False,,,,female,,,,,,dermoscopic,,600,450
5aaf14501165976913638568,ISIC_0029578,60,lower extremity,,,dermatofibroma,histopathology,,,,,,,,False,,,,male,,,,,,dermoscopic,,600,450
5aaf14621165976913638e7f,ISIC_0029760,70,lower extremity,,,dermatofibroma,histopathology,,,,,,,,False,,,,male,,,,,,dermoscopic,,600,450
5aaf14651165976913638fa2,ISIC_0029783,40,lower extremity,,,dermatofibroma,histopathology,,,,,,,,False,,,,male,,,,,,dermoscopic,,600,450
5aaf146911659769136391ac,ISIC_0029824,50,lower extremity,,,dermatofibroma,single image expert consensus,,,,,,,,False,,,,male,,,,,,dermoscopic,,600,450
5aaf146f116597691363950a,ISIC_0029891,75,lower extremity,,,dermatofibroma,histopathology,,,,,,,,False,,,,male,,,,,,dermoscopic,,600,450
5aaf1476116597691363989a,ISIC_0029962,65,lower extremity,,,dermatofibroma,histopathology,,,,,,,,False,,,,male,,,,,,dermoscopic,,600,450
5aaf147711659769136398d4,ISIC_0029967,65,lower extremity,,,dermatofibroma,histopathology,,,,,,,,False,,,,female,,,,,,dermoscopic,,600,450
5aaf14771165976913639920,ISIC_0029973,60,lower extremity,,,dermatofibroma,single image expert consensus,,,,,,,,False,,,,male,,,,,,dermoscopic,,600,450
5aaf147b1165976913639b0f,ISIC_0030011,45,upper extremity,,,dermatofibroma,histopathology,,,,,,,,False,,,,female,,,,,,dermoscopic,,600,450
5aaf147c1165976913639b3e,ISIC_0030015,65,upper extremity,,,dermatofibroma,single image expert consensus,,,,,,,,False,,,,male,,,,,,dermoscopic,,600,450
5aaf147c1165976913639b86,ISIC_0030021,50,upper extremity,,,dermatofibroma,histopathology,,,,,,,,False,,,,female,,,,,,dermoscopic,,600,450
5aaf1493116597691363a6b6,ISIC_0030244,50,lower extremity,,,dermatofibroma,histopathology,,,,,,,,False,,,,male,,,,,,dermoscopic,,600,450
5aaf149a116597691363aa8b,ISIC_0030321,30,upper extremity,,,dermatofibroma,histopathology,,,,,,,,False,,,,male,,,,,,dermoscopic,,600,450
5aaf14a5116597691363afdf,ISIC_0030427,45,upper extremity,,,dermatofibroma,histopathology,,,,,,,,False,,,,female,,,,,,dermoscopic,,600,450
5aaf14a7116597691363b0a0,ISIC_0030442,55,lower extremity,,,dermatofibroma,histopathology,,,,,,,,False,,,,male,,,,,,dermoscopic,,600,450
5aaf14b2116597691363b63d,ISIC_0030555,70,lower extremity,,,dermatofibroma,histopathology,,,,,,,,False,,,,male,,,,,,dermoscopic,,600,450
5aaf14b5116597691363b776,ISIC_0030579,55,upper extremity,,,dermatofibroma,histopathology,,,,,,,,False,,,,female,,,,,,dermoscopic,,600,450
