_id,name,meta.clinical.age_approx,meta.clinical.anatom_site_general,meta.clinical.benign_malignant,meta.clinical.clin_size_long_diam_mm,meta.clinical.diagnosis,meta.clinical.diagnosis_confirm_type,meta.clinical.family_hx_mm,meta.clinical.lesion_id,meta.clinical.mel_class,meta.clinical.mel_mitotic_index,meta.clinical.mel_thick_mm,meta.clinical.mel_type,meta.clinical.mel_ulcer,meta.clinical.melanocytic,meta.clinical.nevus_type,meta.clinical.patient_id,meta.clinical.personal_hx_mm,meta.clinical.sex,meta.acquisition.acquisition_day,meta.acquisition.blurry,meta.acquisition.color_tint,meta.acquisition.dermoscopic_type,meta.acquisition.hairy,meta.acquisition.image_type,meta.acquisition.marker_pen,meta.acquisition.pixelsX,meta.acquisition.pixelsY
5aaf1271116597691362927e,ISIC_0024706,50,,,,vascular lesion,single image expert consensus,,,,,,,,False,,,,male,,,,,,dermoscopic,,600,450
5aaf1271116597691362928a,ISIC_0024707,60,head/neck,,,actinic keratosis,histopathology,,,,,,,,False,,,,male,,,,,,dermoscopic,,600,450
5aaf12711165976913629295,ISIC_0024708,80,posterior torso,,,pigmented benign keratosis,histopathology,,,,,,,,False,,,,male,,,,,,dermoscopic,,600,450
5aaf127111659769136292a0,ISIC_0024709,65,upper extremity,,,pigmented benign keratosis,histopathology,,,,,,,,False,,,,female,,,,,,dermoscopic,,600,450
5aaf127211659769136292ab,ISIC_0024710,75,posterior torso,,,squamous cell carcinoma,histopathology,,,,,,,,False,,,,male,,,,,,dermoscopic,,600,450
5aaf127211659769136292b6,ISIC_0024711,75,anterior torso,,,pigmented benign keratosis,histopathology,,,,,,,,False,,,,male,,,,,,dermoscopic,,600,450
5aaf127211659769136292c1,ISIC_0024712,5,upper extremity,benign,,nevus,single image expert consensus,,,,,,,,True,,,,female,,,,,,dermoscopic,,600,450
5aaf127211659769136292cf,ISIC_0024713,50,,benign,,nevus,serial imaging showing no change,,,,,,,,True,,,,female,,,,,,dermoscopic,,600,450
5aaf127211659769136292db,ISIC_0024714,70,posterior torso,benign,,nevus,histopathology,,,,,,,,True,,,,male,,,,,,dermoscopic,,600,450
5aaf127211659769136292e6,ISIC_0024715,40,,benign,,nevus,single image expert consensus,,,,,,,,True,,,,male,,,,,,dermoscopic,,600,450
5aaf127211659769136292f4,ISIC_0024716,75,upper extremity,benign,,nevus,histopathology,,,,,,,,True,,,,female,,,,,,dermoscopic,,600,450
5aaf12721165976913629300,ISIC_0024717,35,posterior torso,benign,,nevus,serial imaging showing no change,,,,,,,,True,,,,female,,,,,,dermoscopic,,600,450
5aaf12721165976913629313,ISIC_0024718,70,anterior torso,benign,,nevus,histopathology,,,,,,,,True,,,,male,,,,,,dermoscopic,,600,450
5aaf12721165976913629324,ISIC_0024719,70,upper extremity,benign,,nevus,serial imaging showing no change,,,,,,,,True,,,,male,,,,,,dermoscopic,,600,450
5aaf12731165976913629333,ISIC_0024720,45,,benign,,nevus,serial imaging showing no change,,,,,,,,True,,,,male,,,,,,dermoscopic,,600,450
5aaf1273116597691362933f,ISIC_0024721,35,anterior torso,benign,,nevus,histopathology,,,,,,,,True,,,,male,,,,,,dermoscopic,,600,450
5aaf1273116597691362934a,ISIC_0024722,65,upper extremity,benign,,nevus,serial imaging showing no change,,,,,,,,True,,,,female,,,,,,dermoscopic,,600,450
5aaf12731165976913629355,ISIC_0024723,45,posterior torso,benign,,nevus,histopathology,,,,,,,,True,,,,male,,,,,,dermoscopic,,600,450
5aaf12731165976913629360,ISIC_0024724,50,lower extremity,benign,,nevus,serial imaging showing no change,,,,,,,,True,,,,male,,,,,,dermoscopic,,600,450
5aaf1273116597691362936d,ISIC_0024725,0,lower extremity,benign,,nevus,single image expert consensus,,,,,,,,True,,,,female,,,,,,dermoscopic,,600,450
5aaf12731165976913629379,ISIC_0024726,65,posterior torso,,,pigmented benign keratosis,histopathology,,,,,,,,False,,,,male,,,,,,dermoscopic,,600,450
5aaf12731165976913629384,ISIC_0024727,75,,benign,,nevus,serial imaging showing no change,,,,,,,,True,,,,male,,,,,,dermoscopic,,600,450
5aaf1273116597691362938f,ISIC_0024728,30,lower extremity,benign,,nevus,serial imaging showing no change,,,,,,,,True,,,,female,,,,,,dermoscopic,,600,450
5aaf1273116597691362939a,ISIC_0024729,55,lower extremity,malignant,,melanoma,histopathology,,,,,,,,True,,,,female,,,,,,dermoscopic,,600,450
5aaf127311659769136293a8,ISIC_0024730,30,anterior torso,benign,,nevus,histopathology,,,,,,,,True,,,,female,,,,,,dermoscopic,,600,450
5aaf127411659769136293b5,ISIC_0024731,55,lower extremity,benign,,nevus,serial imaging showing no change,,,,,,,,True,,,,female,,,,,,dermoscopic,,600,450
5aaf127411659769136293c2,ISIC_0024732,50,upper extremity,malignant,,melanoma,histopathology,,,,,,,,True,,,,female,,,,,,dermoscopic,,600,450
5aaf127411659769136293d3,ISIC_0024733,50,head/neck,malignant,,melanoma,histopathology,,,,,,,,True,,,,male,,,,,,dermoscopic,,600,450
5aaf127411659769136293e1,ISIC_0024734,25,lower extremity,benign,,nevus,single image expert consensus,,,,,,,,True,,,,male,,,,,,dermoscopic,,600,450
5aaf127411659769136293ec,ISIC_0024735,50,,benign,,nevus,serial imaging showing no change,,,,,,,,True,,,,male,,,,,,dermoscopic,,600,450
5aaf127411659769136293f7,ISIC_0024736,40,,benign,,nevus,serial imaging showing no change,,,,,,,,True,,,,male,,,,,,dermoscopic,,600,450
5aaf12741165976913629408,ISIC_0024737,50,lower extremity,benign,,nevus,serial imaging showing no change,,,,,,,,True,,,,male,,,,,,dermoscopic,,600,450
5aaf12741165976913629415,ISIC_0024738,45,lower extremity,benign,,nevus,serial imaging showing no change,,,,,,,,True,,,,male,,,,,,dermoscopic,,600,450
5aaf12741165976913629422,ISIC_0024739,55,upper extremity,malignant,,melanoma,histopathology,,,,,,,,True,,,,male,,,,,,dermoscopic,,600,450
5aaf12751165976913629430,ISIC_0024740,55,posterior torso,,,pigmented benign keratosis,histopathology,,,,,,,,False,,,,male,,,,,,dermoscopic,,600,450
5aaf1275116597691362943c,ISIC_0024741,75,lower extremity,,,pigmented benign keratosis,histopathology,,,,,,,,False,,,,male,,,,,,dermoscopic,,600,450
5aaf12751165976913629447,ISIC_0024742,45,posterior torso,benign,,nevus,serial imaging showing no change,,,,,,,,True,,,,male,,,,,,dermoscopic,,600,450
5aaf12751165976913629452,ISIC_0024743,65,lower extremity,,,basal cell carcinoma,histopathology,,,,,,,,False,,,,female,,,,,,dermoscopic,,600,450
5aaf1275116597691362945d,ISIC_0024744,50,posterior torso,benign,,nevus,serial imaging showing no change,,,,,,,,True,,,,female,,,,,,dermoscopic,,600,450
5aaf12751165976913629468,ISIC_0024745,0,lower extremity,benign,,nevus,single image expert consensus,,,,,,,,True,,,,female,,,,,,dermoscopic,,600,450
5aaf12751165976913629476,ISIC_0024746,50,anterior torso,benign,,nevus,serial imaging showing no change,,,,,,,,True,,,,male,,,,,,dermoscopic,,600,450
5aaf12751165976913629482,ISIC_0024747,70,head/neck,,,vascular lesion,single image expert consensus,,,,,,,,False,,,,female,,,,,,dermoscopic,,600,450
5aaf1275116597691362948d,ISIC_0024748,45,anterior torso,,,pigmented benign keratosis,histopathology,,,,,,,,False,,,,male,,,,,,dermoscopic,,600,450
5aaf12751165976913629499,ISIC_0024749,70,,benign,,nevus,serial imaging showing no change,,,,,,,,True,,,,female,,,,,,dermoscopic,,600,450
5aaf127511659769136294a6,ISIC_0024750,50,,benign,,nevus,serial imaging showing no change,,,,,,,,True,,,,male,,,,,,dermoscopic,,600,450
5aaf127511659769136294b3,ISIC_0024751,45,lower extremity,benign,,nevus,serial imaging showing no change,,,,,,,,True,,,,male,,,,,,dermoscopic,,600,450
5aaf127611659769136294c5,ISIC_0024752,0,lower extremity,benign,,nevus,single image expert consensus,,,,,,,,True,,,,male,,,,,,dermoscopic,,600,450
5aaf127611659769136294d5,ISIC_0024753,40,lower extremity,benign,,nevus,histopathology,,,,,,,,True,,,,female,,,,,,dermoscopic,,600,450
5aaf127611659769136294e4,ISIC_0024754,30,posterior torso,benign,,nevus,serial imaging showing no change,,,,,,,,True,,,,male,,,,,,dermoscopic,,600,450
5aaf127611659769136294f1,ISIC_0024755,45,lower extremity,benign,,nevus,serial imaging showing no change,,,,,,,,True,,,,male,,,,,,dermoscopic,,600,450
5aaf127611659769136294fc,ISIC_0024756,60,lower extremity,malignant,,melanoma,histopathology,,,,,,,,True,,,,male,,,,,,dermoscopic,,600,450
5aaf12761165976913629507,ISIC_0024757,10,,benign,,nevus,single image expert consensus,,,,,,,,True,,,,male,,,,,,dermoscopic,,600,450
5aaf12761165976913629512,ISIC_0024758,70,head/neck,,,pigmented benign keratosis,histopathology,,,,,,,,False,,,,female,,,,,,dermoscopic,,600,450
5aaf1276116597691362951f,ISIC_0024759,50,posterior torso,benign,,nevus,serial imaging showing no change,,,,,,,,True,,,,female,,,,,,dermoscopic,,600,450
5aaf1276116597691362952b,ISIC_0024760,50,upper extremity,,,pigmented benign keratosis,histopathology,,,,,,,,False,,,,male,,,,,,dermoscopic,,600,450
5aaf12761165976913629536,ISIC_0024761,65,head/neck,,,pigmented benign keratosis,histopathology,,,,,,,,False,,,,male,,,,,,dermoscopic,,600,450
5aaf12771165976913629541,ISIC_0024762,55,posterior torso,benign,,nevus,single image expert consensus,,,,,,,,True,,,,male,,,,,,dermoscopic,,600,450
5aaf1277116597691362954c,ISIC_0024763,65,head/neck,,,actinic keratosis,histopathology,,,,,,,,False,,,,male,,,,,,dermoscopic,,600,450
5aaf1277116597691362955a,ISIC_0024764,55,lower extremity,benign,,nevus,serial imaging showing no change,,,,,,,,True,,,,female,,,,,,dermoscopic,,600,450
5aaf12771165976913629566,ISIC_0024765,45,lower extremity,benign,,nevus,serial imaging showing no change,,,,,,,,True,,,,female,,,,,,dermoscopic,,600,450
5aaf12771165976913629574,ISIC_0024766,45,upper extremity,benign,,nevus,serial imaging showing no change,,,,,,,,True,,,,male,,,,,,dermoscopic,,600,450
5aaf12771165976913629583,ISIC_0024767,80,posterior torso,malignant,,melanoma,histopathology,,,,,,,,True,,,,male,,,,,,dermoscopic,,600,450
5aaf12771165976913629593,ISIC_0024768,35,,benign,,nevus,serial imaging showing no change,,,,,,,,True,,,,female,,,,,,dermoscopic,,600,450
5aaf1277116597691362959e,ISIC_0024769,50,posterior torso,benign,,nevus,serial imaging showing no change,,,,,,,,True,,,,male,,,,,,dermoscopic,,600,450
5aaf127711659769136295a9,ISIC_0024770,50,head/neck,,,pigmented benign keratosis,single image expert consensus,,,,,,,,False,,,,male,,,,,,dermoscopic,,600,450
5aaf127811659769136295ba,ISIC_0024771,75,head/neck,,,actinic keratosis,histopathology,,,,,,,,False,,,,male,,,,,,dermoscopic,,600,450
5aaf127811659769136295c6,ISIC_0024772,70,lower extremity,,,pigmented benign keratosis,histopathology,,,,,,,,False,,,,male,,,,,,dermoscopic,,600,450
5aaf127811659769136295d4,ISIC_0024773,70,lower extremity,,,pigmented benign keratosis,histopathology,,,,,,,,False,,,,male,,,,,,dermoscopic,,600,450
5aaf127811659769136295e2,ISIC_0024774,35,head/neck,,,pigmented benign keratosis,confocal microscopy with consensus dermoscopy,,,,,,,,False,,,,female,,,,,,dermoscopic,,600,450
5aaf127811659769136295ee,ISIC_0024775,50,posterior torso,benign,,nevus,serial imaging showing no change,,,,,,,,True,,,,female,,,,,,dermoscopic,,600,450
5aaf127811659769136295f9,ISIC_0024776,40,,benign,,nevus,serial imaging showing no change,,,,,,,,True,,,,male,,,,,,dermoscopic,,600,450
5aaf12781165976913629604,ISIC_0024777,25,anterior torso,benign,,nevus,histopathology,,,,,,,,True,,,,male,,,,,,dermoscopic,,600,450
5aaf1278116597691362960f,ISIC_0024778,40,lower extremity,benign,,nevus,serial imaging showing no change,,,,,,,,True,,,,male,,,,,,dermoscopic,,600,450
5aaf1278116597691362961d,ISIC_0024779,35,lower extremity,benign,,nevus,serial imaging showing no change,,,,,,,,True,,,,male,,,,,,dermoscopic,,600,450
5aaf12781165976913629629,ISIC_0024780,35,posterior torso,benign,,nevus,serial imaging showing no change,,,,,,,,True,,,,male,,,,,,dermoscopic,,600,450
5aaf12781165976913629634,ISIC_0024781,35,upper extremity,benign,,nevus,histopathology,,,,,,,,True,,,,male,,,,,,dermoscopic,,600,450
5aaf1279116597691362963f,ISIC_0024782,65,anterior torso,,,pigmented benign keratosis,single image expert consensus,,,,,,,,False,,,,female,,,,,,dermoscopic,,600,450
5aaf1279116597691362964c,ISIC_0024783,35,anterior torso,benign,,nevus,serial imaging showing no change,,,,,,,,True,,,,female,,,,,,dermoscopic,,600,450
5aaf12791165976913629659,ISIC_0024784,50,upper extremity,benign,,nevus,histopathology,,,,,,,,True,,,,female,,,,,,dermoscopic,,600,450
5aaf12791165976913629666,ISIC_0024785,45,lower extremity,benign,,nevus,serial imaging showing no change,,,,,,,,True,,,,female,,,,,,dermoscopic,,600,450
