_id,name,meta.clinical.age_approx,meta.clinical.anatom_site_general,meta.clinical.benign_malignant,meta.clinical.clin_size_long_diam_mm,meta.clinical.diagnosis,meta.clinical.diagnosis_confirm_type,meta.clinical.family_hx_mm,meta.clinical.lesion_id,meta.clinical.mel_class,meta.clinical.mel_mitotic_index,meta.clinical.mel_thick_mm,meta.clinical.mel_type,meta.clinical.mel_ulcer,meta.clinical.melanocytic,meta.clinical.nevus_type,meta.clinical.patient_id,meta.clinical.personal_hx_mm,meta.clinical.sex,meta.acquisition.acquisition_day,meta.acquisition.blurry,meta.acquisition.color_tint,meta.acquisition.dermoscopic_type,meta.acquisition.hairy,meta.acquisition.image_type,meta.acquisition.marker_pen,meta.acquisition.pixelsX,meta.acquisition.pixelsY
558d6336bae47801cf734c18,ISIC_0010512,85,head/neck,benign,6.0,actinic keratosis,histopathology,False,,,,,,,False,,,True,male,,,,,,dermoscopic,,1024,768
558d63f4bae47801cf735083,ISIC_0010889,35,anterior torso,benign,7.0,actinic keratosis,histopathology,False,,,,,,,False,,,False,female,,,,,,dermoscopic,,1024,768
5aaf125a116597691362869a,ISIC_0024468,75,head/neck,,,actinic keratosis,histopathology,,,,,,,,False,,,,male,,,,,,dermoscopic,,600,450
5aaf125a11659769136286b4,ISIC_0024470,60,upper extremity,,,actinic keratosis,histopathology,,,,,,,,False,,,,male,,,,,,dermoscopic,,600,450
5aaf125e11659769136288b6,ISIC_0024511,55,head/neck,,,actinic keratosis,histopathology,,,,,,,,False,,,,female,,,,,,dermoscopic,,600,450
5aaf126b1165976913628f74,ISIC_0024646,70,head/neck,,,actinic keratosis,histopathology,,,,,,,,False,,,,female,,,,,,dermoscopic,,600,450
5aaf126c1165976913628fe5,ISIC_0024654,75,lower extremity,,,actinic keratosis,histopathology,,,,,,,,False,,,,female,,,,,,dermoscopic,,600,450
5aaf1271116597691362928a,ISIC_0024707,60,head/neck,,,actinic keratosis,histopathology,,,,,,,,False,,,,male,,,,,,dermoscopic,,600,450
5aaf1277116597691362954c,ISIC_0024763,65,head/neck,,,actinic keratosis,histopathology,,,,,,,,False,,,,male,,,,,,dermoscopic,,600,450
5aaf127811659769136295ba,ISIC_0024771,75,head/neck,,,actinic keratosis,histopathology,,,,,,,,False,,,,male,,,,,,dermoscopic,,600,450
5aaf127a1165976913629726,ISIC_0024800,50,posterior torso,,,actinic keratosis,histopathology,,,,,,,,False,,,,male,,,,,,dermoscopic,,600,450
5aaf12851165976913629ccc,ISIC_0024913,85,posterior torso,,,actinic keratosis,histopathology,,,,,,,,False,,,,male,,,,,,dermoscopic,,600,450
5aaf12891165976913629e89,ISIC_0024948,55,head/neck,,,actinic keratosis,histopathology,,,,,,,,False,,,,female,,,,,,dermoscopic,,600,450
5aaf12b4116597691362b39e,ISIC_0025368,40,head/neck,,,actinic keratosis,histopathology,,,,,,,,False,,,,female,,,,,,dermoscopic,,600,450
5aaf12ba116597691362b688,ISIC_0025427,85,upper extremity,,,actinic keratosis,histopathology,,,,,,,,False,,,,male,,,,,,dermoscopic,,600,450
5aaf12cb116597691362bf6d,ISIC_0025605,60,lower extremity,,,actinic keratosis,histopathology,,,,,,,,False,,,,female,,,,,,dermoscopic,,600,450
5aaf12dc116597691362c821,ISIC_0025780,70,head/neck,,,actinic keratosis,histopathology,,,,,,,,False,,,,male,,,,,,dermoscopic,,600,450
5aaf12df116597691362c940,ISIC_0025803,80,head/neck,,,actinic keratosis,histopathology,,,,,,,,False,,,,male,,,,,,dermoscopic,,600,450
5aaf12e1116597691362ca56,ISIC_0025825,80,head/neck,,,actinic keratosis,histopathology,,,,,,,,False,,,,female,,,,,,dermoscopic,,600,450
5aaf12ed116597691362d0bd,ISIC_0025953,65,head/neck,,,actinic keratosis,histopathology,,,,,,,,False,,,,male,,,,,,dermoscopic,,600,450
5aaf12ee116597691362d0f0,ISIC_0025957,60,lower extremity,,,actinic keratosis,histopathology,,,,,,,,False,,,,female,,,,,,dermoscopic,,600,450
5aaf12f1116597691362d2ad,ISIC_0025992,65,head/neck,,,actinic keratosis,histopathology,,,,,,,,False,,,,male,,,,,,dermoscopic,,600,450
5aaf12f6116597691362d512,ISIC_0026040,70,head/neck,,,actinic keratosis,histopathology,,,,,,,,False,,,,female,,,,,,dermoscopic,,600,450
5aaf1300116597691362da7f,ISIC_0026149,65,head/neck,,,actinic keratosis,histopathology,,,,,,,,False,,,,male,,,,,,dermoscopic,,600,450
5aaf1302116597691362db98,ISIC_0026171,60,head/neck,,,actinic keratosis,histopathology,,,,,,,,False,,,,female,,,,,,dermoscopic,,600,450
5aaf1304116597691362dcbc,ISIC_0026194,30,head/neck,,,actinic keratosis,histopathology,,,,,,,,False,,,,male,,,,,,dermoscopic,,600,450
5aaf1306116597691362dd9c,ISIC_0026212,45,head/neck,,,actinic keratosis,histopathology,,,,,,,,False,,,,male,,,,,,dermoscopic,,600,450
5aaf131e116597691362e9dc,ISIC_0026457,75,lower extremity,,,actinic keratosis,histopathology,,,,,,,,False,,,,female,,,,,,dermoscopic,,600,450
5aaf1320116597691362ea66,ISIC_0026468,50,upper extremity,,,actinic keratosis,histopathology,,,,,,,,False,,,,male,,,,,,dermoscopic,,600,450
5aaf1325116597691362ed3e,ISIC_0026525,45,head/neck,,,actinic keratosis,histopathology,,,,,,,,False,,,,male,,,,,,dermoscopic,,600,450
5aaf132a116597691362efbd,ISIC_0026575,80,head/neck,,,actinic keratosis,histopathology,,,,,,,,False,,,,male,,,,,,dermoscopic,,600,450
5aaf132f116597691362f23d,ISIC_0026625,60,head/neck,,,actinic keratosis,histopathology,,,,,,,,False,,,,male,,,,,,dermoscopic,,600,450
5aaf132f116597691362f249,ISIC_0026626,65,head/neck,,,actinic keratosis,histopathology,,,,,,,,False,,,,female,,,,,,dermoscopic,,600,450
5aaf1331116597691362f375,ISIC_0026650,70,head/neck,,,actinic keratosis,histopathology,,,,,,,,False,,,,male,,,,,,dermoscopic,,600,450
5aaf1336116597691362f609,ISIC_0026702,80,head/neck,,,actinic keratosis,histopathology,,,,,,,,False,,,,female,,,,,,dermoscopic,,600,450
5aaf1337116597691362f66b,ISIC_0026709,60,head/neck,,,actinic keratosis,histopathology,,,,,,,,False,,,,female,,,,,,dermoscopic,,600,450
5aaf1339116597691362f76a,ISIC_0026729,50,head/neck,,,actinic keratosis,histopathology,,,,,,,,False,,,,male,,,,,,dermoscopic,,600,450
5aaf133d116597691362f932,ISIC_0026765,55,anterior torso,,,actinic keratosis,histopathology,,,,,,,,False,,,,female,,,,,,dermoscopic,,600,450
5aaf1345116597691362fd55,ISIC_0026848,55,head/neck,,,actinic keratosis,histopathology,,,,,,,,False,,,,male,,,,,,dermoscopic,,600,450
5aaf1346116597691362fdc3,ISIC_0026857,55,head/neck,,,actinic keratosis,histopathology,,,,,,,,False,,,,male,,,,,,dermoscopic,,600,450
5aaf134a1165976913630029,ISIC_0026905,70,upper extremity,,,actinic keratosis,histopathology,,,,,,,,False,,,,male,,,,,,dermoscopic,,600,450
5aaf13521165976913630421,ISIC_0026984,50,head/neck,,,actinic keratosis,histopathology,,,,,,,,False,,,,male,,,,,,dermoscopic,,600,450
5aaf13651165976913630d81,ISIC_0027172,75,head/neck,,,actinic keratosis,histopathology,,,,,,,,False,,,,male,,,,,,dermoscopic,,600,450
5aaf136d1165976913631199,ISIC_0027254,75,head/neck,,,actinic keratosis,histopathology,,,,,,,,False,,,,male,,,,,,dermoscopic,,600,450
5aaf1375116597691363158d,ISIC_0027334,45,,,,actinic keratosis,histopathology,,,,,,,,False,,,,male,,,,,,dermoscopic,,600,450
5aaf13801165976913631b33,ISIC_0027447,65,upper extremity,,,actinic keratosis,histopathology,,,,,,,,False,,,,male,,,,,,dermoscopic,,600,450
5aaf13811165976913631b77,ISIC_0027452,70,upper extremity,,,actinic keratosis,histopathology,,,,,,,,False,,,,male,,,,,,dermoscopic,,600,450
5aaf13891165976913631fa0,ISIC_0027536,65,upper extremity,,,actinic keratosis,histopathology,,,,,,,,False,,,,male,,,,,,dermoscopic,,600,450
5aaf138c11659769136320ef,ISIC_0027562,60,head/neck,,,actinic keratosis,histopathology,,,,,,,,False,,,,female,,,,,,dermoscopic,,600,450
5aaf138d11659769136321d1,ISIC_0027580,75,upper extremity,,,actinic keratosis,histopathology,,,,,,,,False,,,,male,,,,,,dermoscopic,,600,450
5aaf138e1165976913632239,ISIC_0027588,50,head/neck,,,actinic keratosis,histopathology,,,,,,,,False,,,,female,,,,,,dermoscopic,,600,450
5aaf1391116597691363238f,ISIC_0027615,70,upper extremity,,,actinic keratosis,histopathology,,,,,,,,False,,,,male,,,,,,dermoscopic,,600,450
5aaf1394116597691363254f,ISIC_0027650,40,head/neck,,,actinic keratosis,histopathology,,,,,,,,False,,,,male,,,,,,dermoscopic,,600,450
5aaf13961165976913632635,ISIC_0027668,60,head/neck,,,actinic keratosis,histopathology,,,,,,,,False,,,,male,,,,,,dermoscopic,,600,450
5aaf13a31165976913632ce8,ISIC_0027802,50,head/neck,,,actinic keratosis,histopathology,,,,,,,,False,,,,male,,,,,,dermoscopic,,600,450
5aaf13a51165976913632e44,ISIC_0027829,55,head/neck,,,actinic keratosis,histopathology,,,,,,,,False,,,,female,,,,,,dermoscopic,,600,450
5aaf13ab1165976913633102,ISIC_0027884,60,head/neck,,,actinic keratosis,histopathology,,,,,,,,False,,,,male,,,,,,dermoscopic,,600,450
5aaf13ac116597691363319c,ISIC_0027896,75,upper extremity,,,actinic keratosis,histopathology,,,,,,,,False,,,,male,,,,,,dermoscopic,,600,450
5aaf13b1116597691363344c,ISIC_0027950,60,head/neck,,,actinic keratosis,histopathology,,,,,,,,False,,,,female,,,,,,dermoscopic,,600,450
5aaf13b211659769136334b0,ISIC_0027958,75,upper extremity,,,actinic keratosis,histopathology,,,,,,,,False,,,,male,,,,,,dermoscopic,,600,450
5aaf13bc11659769136339e9,ISIC_0028063,50,head/neck,,,actinic keratosis,histopathology,,,,,,,,False,,,,male,,,,,,dermoscopic,,600,450
5aaf13bd1165976913633a8f,ISIC_0028076,60,lower extremity,,,actinic keratosis,histopathology,,,,,,,,False,,,,male,,,,,,dermoscopic,,600,450
5aaf13c8116597691363403f,ISIC_0028190,45,head/neck,,,actinic keratosis,histopathology,,,,,,,,False,,,,male,,,,,,dermoscopic,,600,450
5aaf13d4116597691363466b,ISIC_0028314,60,lower extremity,,,actinic keratosis,histopathology,,,,,,,,False,,,,male,,,,,,dermoscopic,,600,450
5aaf13da116597691363493a,ISIC_0028370,60,head/neck,,,actinic keratosis,histopathology,,,,,,,,False,,,,male,,,,,,dermoscopic,,600,450
5aaf13dc1165976913634a5a,ISIC_0028393,80,head/neck,,,actinic keratosis,histopathology,,,,,,,,False,,,,male,,,,,,dermoscopic,,600,450
5aaf13e81165976913635085,ISIC_0028517,60,upper extremity,,,actinic keratosis,histopathology,,,,,,,,False,,,,male,,,,,,dermoscopic,,600,450
5aaf13ec116597691363528f,ISIC_0028558,75,head/neck,,,actinic keratosis,histopathology,,,,,,,,False,,,,male,,,,,,dermoscopic,,600,450
5aaf13f21165976913635594,ISIC_0028619,60,head/neck,,,actinic keratosis,histopathology,,,,,,,,False,,,,female,,,,,,dermoscopic,,600,450
5aaf14051165976913635f9b,ISIC_0028820,80,lower extremity,,,actinic keratosis,histopathology,,,,,,,,False,,,,male,,,,,,dermoscopic,,600,450
5aaf1409116597691363614c,ISIC_0028854,60,head/neck,,,actinic keratosis,histopathology,,,,,,,,False,,,,male,,,,,,dermoscopic,,600,450
5aaf141111659769136365a4,ISIC_0028941,70,head/neck,,,actinic keratosis,histopathology,,,,,,,,False,,,,female,,,,,,dermoscopic,,600,450
5aaf14161165976913636811,ISIC_0028990,70,upper extremity,,,actinic keratosis,histopathology,,,,,,,,False,,,,male,,,,,,dermoscopic,,600,450
5aaf141911659769136369ce,ISIC_0029025,70,head/neck,,,actinic keratosis,histopathology,,,,,,,,False,,,,male,,,,,,dermoscopic,,600,450
5aaf141b1165976913636a9e,ISIC_0029041,80,head/neck,,,actinic keratosis,histopathology,,,,,,,,False,,,,male,,,,,,dermoscopic,,600,450
5aaf14241165976913636f3c,ISIC_0029133,65,head/neck,,,actinic keratosis,histopathology,,,,,,,,False,,,,female,,,,,,dermoscopic,,600,450
5aaf14251165976913636f98,ISIC_0029141,60,head/neck,,,actinic keratosis,histopathology,,,,,,,,False,,,,female,,,,,,dermoscopic,,600,450
5aaf142c1165976913637308,ISIC_0029210,40,head/neck,,,actinic keratosis,histopathology,,,,,,,,False,,,,male,,,,,,dermoscopic,,600,450
5aaf143611659769136377fc,ISIC_0029309,80,head/neck,,,actinic keratosis,histopathology,,,,,,,,False,,,,male,,,,,,dermoscopic,,600,450
5aaf14451165976913637f86,ISIC_0029460,70,head/neck,,,actinic keratosis,histopathology,,,,,,,,False,,,,male,,,,,,dermoscopic,,600,450
