_id,name,meta.clinical.age_approx,meta.clinical.anatom_site_general,meta.clinical.benign_malignant,meta.clinical.clin_size_long_diam_mm,meta.clinical.diagnosis,meta.clinical.diagnosis_confirm_type,meta.clinical.family_hx_mm,meta.clinical.lesion_id,meta.clinical.mel_class,meta.clinical.mel_mitotic_index,meta.clinical.mel_thick_mm,meta.clinical.mel_type,meta.clinical.mel_ulcer,meta.clinical.melanocytic,meta.clinical.nevus_type,meta.clinical.patient_id,meta.clinical.personal_hx_mm,meta.clinical.sex,meta.acquisition.acquisition_day,meta.acquisition.blurry,meta.acquisition.color_tint,meta.acquisition.dermoscopic_type,meta.acquisition.hairy,meta.acquisition.image_type,meta.acquisition.marker_pen,meta.acquisition.pixelsX,meta.acquisition.pixelsY
5aaf124f11659769136281b4,ISIC_0024370,55,,,,vascular lesion,single image expert consensus,,,,,,,,False,,,,male,,,,,,dermoscopic,,600,450
5aaf125011659769136281ee,ISIC_0024375,70,anterior torso,,,vascular lesion,single image expert consensus,,,,,,,,False,,,,female,,,,,,dermoscopic,,600,450
5aaf12531165976913628350,ISIC_0024402,0,posterior torso,,,vascular lesion,single image expert consensus,,,,,,,,False,,,,female,,,,,,dermoscopic,,600,450
5aaf125a11659769136286ee,ISIC_0024475,35,head/neck,,,vascular lesion,single image expert consensus,,,,,,,,False,,,,male,,,,,,dermoscopic,,600,450
5aaf126d1165976913629041,ISIC_0024662,75,,,,vascular lesion,single image expert consensus,,,,,,,,False,,,,male,,,,,,dermoscopic,,600,450
5aaf126d11659769136290a2,ISIC_0024669,25,anterior torso,,,vascular lesion,histopathology,,,,,,,,False,,,,female,,,,,,dermoscopic,,600,450
5aaf1271116597691362927e,ISIC_0024706,50,,,,vascular lesion,single image expert consensus,,,,,,,,False,,,,male,,,,,,dermoscopic,,600,450
5aaf12751165976913629482,ISIC_0024747,70,head/neck,,,vascular lesion,single image expert consensus,,,,,,,,False,,,,female,,,,,,dermoscopic,,600,450
5aaf12811165976913629a7b,ISIC_0024867,75,,,,vascular lesion,single image expert consensus,,,,,,,,False,,,,male,,,,,,dermoscopic,,600,450
5aaf12841165976913629c59,ISIC_0024904,75,upper extremity,,,vascular lesion,histopathology,,,,,,,,False,,,,male,,,,,,dermoscopic,,600,450
5aaf12a3116597691362ab11,ISIC_0025197,50,anterior torso,,,vascular lesion,single image expert consensus,,,,,,,,False,,,,female,,,,,,dermoscopic,,600,450
5aaf12a8116597691362ad67,ISIC_0025244,45,,,,vascular lesion,single image expert consensus,,,,,,,,False,,,,female,,,,,,dermoscopic,,600,450
5aaf12a9116597691362adaf,ISIC_0025249,30,lower extremity,,,vascular lesion,single image expert consensus,,,,,,,,False,,,,female,,,,,,dermoscopic,,600,450
5aaf12a9116597691362adbb,ISIC_0025250,30,head/neck,,,vascular lesion,single image expert consensus,,,,,,,,False,,,,male,,,,,,dermoscopic,,600,450
5aaf12b0116597691362b142,ISIC_0025321,85,lower extremity,,,vascular lesion,histopathology,,,,,,,,False,,,,male,,,,,,dermoscopic,,600,450
5aaf12ba116597691362b671,ISIC_0025425,50,,,,vascular lesion,single image expert consensus,,,,,,,,False,,,,male,,,,,,dermoscopic,,600,450
5aaf12bd116597691362b7cf,ISIC_0025452,55,anterior torso,,,vascular lesion,single image expert consensus,,,,,,,,False,,,,female,,,,,,dermoscopic,,600,450
5aaf12c9116597691362be0f,ISIC_0025578,5,posterior torso,,,vascular lesion,histopathology,,,,,,,,False,,,,male,,,,,,dermoscopic,,600,450
5aaf12cb116597691362bef3,ISIC_0025596,45,anterior torso,,,vascular lesion,single image expert consensus,,,,,,,,False,,,,female,,,,,,dermoscopic,,600,450
5aaf12cb116597691362bf1c,ISIC_0025599,15,head/neck,,,vascular lesion,histopathology,,,,,,,,False,,,,male,,,,,,dermoscopic,,600,450
5aaf12cc116597691362bf7a,ISIC_0025606,55,head/neck,,,vascular lesion,single image expert consensus,,,,,,,,False,,,,male,,,,,,dermoscopic,,600,450
5aaf12cc116597691362bfbf,ISIC_0025612,45,head/neck,,,vascular lesion,single image expert consensus,,,,,,,,False,,,,female,,,,,,dermoscopic,,600,450
5aaf12ce116597691362c08f,ISIC_0025628,80,anterior torso,,,vascular lesion,single image expert consensus,,,,,,,,False,,,,male,,,,,,dermoscopic,,600,450
5aaf12d2116597691362c301,ISIC_0025677,50,anterior torso,,,vascular lesion,single image expert consensus,,,,,,,,False,,,,female,,,,,,dermoscopic,,600,450
5aaf12d3116597691362c322,ISIC_0025680,55,,,,vascular lesion,single image expert consensus,,,,,,,,False,,,,female,,,,,,dermoscopic,,600,450
5aaf12d5116597691362c478,ISIC_0025707,35,,,,vascular lesion,single image expert consensus,,,,,,,,False,,,,male,,,,,,dermoscopic,,600,450
5aaf12df116597691362c975,ISIC_0025807,50,upper extremity,,,vascular lesion,histopathology,,,,,,,,False,,,,female,,,,,,dermoscopic,,600,450
5aaf12e5116597691362ccbb,ISIC_0025873,50,lower extremity,,,vascular lesion,single image expert consensus,,,,,,,,False,,,,female,,,,,,dermoscopic,,600,450
5aaf12ea116597691362cf49,ISIC_0025924,30,lower extremity,,,vascular lesion,single image expert consensus,,,,,,,,False,,,,female,,,,,,dermoscopic,,600,450
5aaf12f8116597691362d678,ISIC_0026068,55,anterior torso,,,vascular lesion,single image expert consensus,,,,,,,,False,,,,female,,,,,,dermoscopic,,600,450
5aaf12fb116597691362d7a6,ISIC_0026092,75,upper extremity,,,vascular lesion,histopathology,,,,,,,,False,,,,male,,,,,,dermoscopic,,600,450
5aaf1301116597691362db2f,ISIC_0026163,50,upper extremity,,,vascular lesion,histopathology,,,,,,,,False,,,,female,,,,,,dermoscopic,,600,450
5aaf1312116597691362e3d7,ISIC_0026336,50,,,,vascular lesion,single image expert consensus,,,,,,,,False,,,,male,,,,,,dermoscopic,,600,450
5aaf1314116597691362e475,ISIC_0026349,60,,,,vascular lesion,single image expert consensus,,,,,,,,False,,,,female,,,,,,dermoscopic,,600,450
5aaf1318116597691362e6a5,ISIC_0026393,80,,,,vascular lesion,single image expert consensus,,,,,,,,False,,,,male,,,,,,dermoscopic,,600,450
5aaf131e116597691362e9cf,ISIC_0026456,60,upper extremity,,,vascular lesion,histopathology,,,,,,,,False,,,,male,,,,,,dermoscopic,,600,450
5aaf131f116597691362ea5b,ISIC_0026467,55,lower extremity,,,vascular lesion,single image expert consensus,,,,,,,,False,,,,male,,,,,,dermoscopic,,600,450
5aaf1322116597691362eb81,ISIC_0026490,65,,,,vascular lesion,single image expert consensus,,,,,,,,False,,,,female,,,,,,dermoscopic,,600,450
5aaf1336116597691362f5a1,ISIC_0026693,75,anterior torso,,,vascular lesion,histopathology,,,,,,,,False,,,,male,,,,,,dermoscopic,,600,450
5aaf1338116597691362f69e,ISIC_0026713,35,upper extremity,,,vascular lesion,single image expert consensus,,,,,,,,False,,,,female,,,,,,dermoscopic,,600,450
5aaf1348116597691362feb4,ISIC_0026876,0,anterior torso,,,vascular lesion,single image expert consensus,,,,,,,,False,,,,female,,,,,,dermoscopic,,600,450
5aaf13641165976913630cd8,ISIC_0027159,85,upper extremity,,,vascular lesion,histopathology,,,,,,,,False,,,,female,,,,,,dermoscopic,,600,450
5aaf13681165976913630f60,ISIC_0027210,30,lower extremity,,,vascular lesion,single image expert consensus,,,,,,,,False,,,,female,,,,,,dermoscopic,,600,450
5aaf136d11659769136311b3,ISIC_0027256,0,posterior torso,,,vascular lesion,single image expert consensus,,,,,,,,False,,,,female,,,,,,dermoscopic,,600,450
5aaf136e116597691363125a,ISIC_0027269,60,,,,vascular lesion,single image expert consensus,,,,,,,,False,,,,female,,,,,,dermoscopic,,600,450
5aaf137a1165976913631821,ISIC_0027385,20,,,,vascular lesion,histopathology,,,,,,,,False,,,,male,,,,,,dermoscopic,,600,450
5aaf13881165976913631ef3,ISIC_0027522,55,anterior torso,,,vascular lesion,single image expert consensus,,,,,,,,False,,,,male,,,,,,dermoscopic,,600,450
5aaf138c11659769136320fc,ISIC_0027563,70,lower extremity,,,vascular lesion,single image expert consensus,,,,,,,,False,,,,male,,,,,,dermoscopic,,600,450
5aaf13961165976913632613,ISIC_0027665,50,anterior torso,,,vascular lesion,single image expert consensus,,,,,,,,False,,,,male,,,,,,dermoscopic,,600,450
5aaf1396116597691363266f,ISIC_0027672,55,head/neck,,,vascular lesion,histopathology,,,,,,,,False,,,,female,,,,,,dermoscopic,,600,450
5aaf13a21165976913632c4f,ISIC_0027790,50,head/neck,,,vascular lesion,single image expert consensus,,,,,,,,False,,,,female,,,,,,dermoscopic,,600,450
5aaf13a81165976913632f9a,ISIC_0027856,45,,,,vascular lesion,single image expert consensus,,,,,,,,False,,,,female,,,,,,dermoscopic,,600,450
5aaf13ab1165976913633135,ISIC_0027888,40,,,,vascular lesion,single image expert consensus,,,,,,,,False,,,,male,,,,,,dermoscopic,,600,450
5aaf13ad11659769136331f2,ISIC_0027903,45,lower extremity,,,vascular lesion,histopathology,,,,,,,,False,,,,female,,,,,,dermoscopic,,600,450
5aaf13b011659769136333a4,ISIC_0027937,70,,,,vascular lesion,single image expert consensus,,,,,,,,False,,,,male,,,,,,dermoscopic,,600,450
5aaf13b411659769136335f2,ISIC_0027983,75,anterior torso,,,vascular lesion,histopathology,,,,,,,,False,,,,male,,,,,,dermoscopic,,600,450
5aaf13c41165976913633e0a,ISIC_0028146,60,posterior torso,,,vascular lesion,histopathology,,,,,,,,False,,,,female,,,,,,dermoscopic,,600,450
5aaf13c61165976913633ee1,ISIC_0028163,25,anterior torso,,,vascular lesion,histopathology,,,,,,,,False,,,,female,,,,,,dermoscopic,,600,450
5aaf13c81165976913634022,ISIC_0028188,85,upper extremity,,,vascular lesion,histopathology,,,,,,,,False,,,,female,,,,,,dermoscopic,,600,450
5aaf13dd1165976913634b04,ISIC_0028406,80,anterior torso,,,vascular lesion,single image expert consensus,,,,,,,,False,,,,male,,,,,,dermoscopic,,600,450
5aaf13e01165976913634c35,ISIC_0028431,50,anterior torso,,,vascular lesion,single image expert consensus,,,,,,,,False,,,,male,,,,,,dermoscopic,,600,450
5aaf13f8116597691363589f,ISIC_0028680,45,,,,vascular lesion,single image expert consensus,,,,,,,,False,,,,female,,,,,,dermoscopic,,600,450
5aaf13fb1165976913635a51,ISIC_0028714,60,head/neck,,,vascular lesion,histopathology,,,,,,,,False,,,,female,,,,,,dermoscopic,,600,450
5aaf140c11659769136362da,ISIC_0028885,75,posterior torso,,,vascular lesion,single image expert consensus,,,,,,,,False,,,,male,,,,,,dermoscopic,,600,450
5aaf14211165976913636d87,ISIC_0029099,70,anterior torso,,,vascular lesion,single image expert consensus,,,,,,,,False,,,,female,,,,,,dermoscopic,,600,450
5aaf143f1165976913637cc1,ISIC_0029404,10,,,,vascular lesion,histopathology,,,,,,,,False,,,,male,,,,,,dermoscopic,,600,450
5aaf14431165976913637e77,ISIC_0029439,50,anterior torso,,,vascular lesion,single image expert consensus,,,,,,,,False,,,,male,,,,,,dermoscopic,,600,450
5aaf14431165976913637ee6,ISIC_0029448,5,posterior torso,,,vascular lesion,histopathology,,,,,,,,False,,,,male,,,,,,dermoscopic,,600,450
5aaf144711659769136380ce,ISIC_0029486,55,posterior torso,,,vascular lesion,histopathology,,,,,,,,False,,,,male,,,,,,dermoscopic,,600,450
5aaf144a1165976913638232,ISIC_0029514,55,head/neck,,,vascular lesion,histopathology,,,,,,,,False,,,,female,,,,,,dermoscopic,,600,450
5aaf145311659769136386e3,ISIC_0029608,70,posterior torso,,,vascular lesion,single image expert consensus,,,,,,,,False,,,,male,,,,,,dermoscopic,,600,450
5aaf14601165976913638d97,ISIC_0029742,5,posterior torso,,,vascular lesion,single image expert consensus,,,,,,,,False,,,,male,,,,,,dermoscopic,,600,450
5aaf146e116597691363945c,ISIC_0029877,80,lower extremity,,,vascular lesion,single image expert consensus,,,,,,,,False,,,,male,,,,,,dermoscopic,,600,450
5aaf146f11659769136394eb,ISIC_0029889,40,anterior torso,,,vascular lesion,histopathology,,,,,,,,False,,,,female,,,,,,dermoscopic,,600,450
5aaf14811165976913639dfa,ISIC_0030070,75,upper extremity,,,vascular lesion,single image expert consensus,,,,,,,,False,,,,female,,,,,,dermoscopic,,600,450
5aaf14841165976913639fae,ISIC_0030104,65,,,,vascular lesion,single image expert consensus,,,,,,,,False,,,,female,,,,,,dermoscopic,,600,450
5aaf1496116597691363a846,ISIC_0030275,10,,,,vascular lesion,histopathology,,,,,,,,False,,,,male,,,,,,dermoscopic,,600,450
5aaf1497116597691363a8a5,ISIC_0030283,55,,,,vascular lesion,single image expert consensus,,,,,,,,False,,,,male,,,,,,dermoscopic,,600,450
5aaf14b7116597691363b8ce,ISIC_0030606,0,anterior torso,,,vascular lesion,single image expert consensus,,,,,,,,False,,,,female,,,,,,dermoscopic,,600,450
5aaf14c3116597691363be8f,ISIC_0030722,45,anterior torso,,,vascular lesion,single image expert consensus,,,,,,,,False,,,,female,,,,,,dermoscopic,,600,450
