_id,name,meta.clinical.age_approx,meta.clinical.anatom_site_general,meta.clinical.benign_malignant,meta.clinical.clin_size_long_diam_mm,meta.clinical.diagnosis,meta.clinical.diagnosis_confirm_type,meta.clinical.family_hx_mm,meta.clinical.lesion_id,meta.clinical.mel_class,meta.clinical.mel_mitotic_index,meta.clinical.mel_thick_mm,meta.clinical.mel_type,meta.clinical.mel_ulcer,meta.clinical.melanocytic,meta.clinical.nevus_type,meta.clinical.patient_id,meta.clinical.personal_hx_mm,meta.clinical.sex,meta.acquisition.acquisition_day,meta.acquisition.blurry,meta.acquisition.color_tint,meta.acquisition.dermoscopic_type,meta.acquisition.hairy,meta.acquisition.image_type,meta.acquisition.marker_pen,meta.acquisition.pixelsX,meta.acquisition.pixelsY
5aaf1315116597691362e514,ISIC_0026362,60,upper extremity,,,squamous cell carcinoma,histopathology,,,,,,,,False,,,,female,,,,,,dermoscopic,,600,450
5aaf1318116597691362e66c,ISIC_0026388,75,upper extremity,,,squamous cell carcinoma,histopathology,,,,,,,,False,,,,female,,,,,,dermoscopic,,600,450
5aaf131a116597691362e789,ISIC_0026411,70,upper extremity,,,squamous cell carcinoma,histopathology,,,,,,,,False,,,,female,,,,,,dermoscopic,,600,450
5aaf131f116597691362ea4e,ISIC_0026466,65,upper extremity,,,squamous cell carcinoma,histopathology,,,,,,,,False,,,,female,,,,,,dermoscopic,,600,450
5aaf1322116597691362eb9a,ISIC_0026492,70,upper extremity,,,squamous cell carcinoma,histopathology,,,,,,,,False,,,,male,,,,,,dermoscopic,,600,450
5aaf1325116597691362ed1d,ISIC_0026522,50,upper extremity,,,squamous cell carcinoma,histopathology,,,,,,,,False,,,,male,,,,,,dermoscopic,,600,450
5aaf1327116597691362ee6b,ISIC_0026549,75,anterior torso,,,squamous cell carcinoma,histopathology,,,,,,,,False,,,,male,,,,,,dermoscopic,,600,450
5aaf1331116597691362f33b,ISIC_0026645,65,posterior torso,,,squamous cell carcinoma,histopathology,,,,,,,,False,,,,male,,,,,,dermoscopic,,600,450
5aaf1338116597691362f6f0,ISIC_0026720,75,lower extremity,,,squamous cell carcinoma,histopathology,,,,,,,,False,,,,male,,,,,,dermoscopic,,600,450
5aaf1347116597691362fe82,ISIC_0026872,85,lower extremity,,,squamous cell carcinoma,histopathology,,,,,,,,False,,,,male,,,,,,dermoscopic,,600,450
5aaf134d116597691363013d,ISIC_0026927,75,lower extremity,,,squamous cell carcinoma,histopathology,,,,,,,,False,,,,male,,,,,,dermoscopic,,600,450
5aaf135211659769136303f7,ISIC_0026981,55,lower extremity,,,squamous cell carcinoma,histopathology,,,,,,,,False,,,,male,,,,,,dermoscopic,,600,450
5aaf13531165976913630480,ISIC_0026992,85,upper extremity,,,squamous cell carcinoma,histopathology,,,,,,,,False,,,,male,,,,,,dermoscopic,,600,450
5aaf13591165976913630741,ISIC_0027047,70,upper extremity,,,squamous cell carcinoma,histopathology,,,,,,,,False,,,,male,,,,,,dermoscopic,,600,450
5aaf135c1165976913630920,ISIC_0027084,65,lower extremity,,,squamous cell carcinoma,histopathology,,,,,,,,False,,,,female,,,,,,dermoscopic,,600,450
5aaf13651165976913630dc9,ISIC_0027178,65,head/neck,,,squamous cell carcinoma,histopathology,,,,,,,,False,,,,male,,,,,,dermoscopic,,600,450
5aaf13661165976913630e17,ISIC_0027184,60,posterior torso,,,squamous cell carcinoma,histopathology,,,,,,,,False,,,,male,,,,,,dermoscopic,,600,450
5aaf136b116597691363106c,ISIC_0027231,85,posterior torso,,,squamous cell carcinoma,histopathology,,,,,,,,False,,,,male,,,,,,dermoscopic,,600,450
5aaf13711165976913631395,ISIC_0027294,75,lower extremity,,,squamous cell carcinoma,histopathology,,,,,,,,False,,,,female,,,,,,dermoscopic,,600,450
5aaf1372116597691363140d,ISIC_0027303,85,lower extremity,,,squamous cell carcinoma,histopathology,,,,,,,,False,,,,male,,,,,,dermoscopic,,600,450
5aaf13761165976913631606,ISIC_0027343,75,lower extremity,,,squamous cell carcinoma,histopathology,,,,,,,,False,,,,female,,,,,,dermoscopic,,600,450
5aaf13861165976913631e2c,ISIC_0027506,55,upper extremity,,,squamous cell carcinoma,histopathology,,,,,,,,False,,,,female,,,,,,dermoscopic,,600,450
5aaf13881165976913631f4c,ISIC_0027529,50,upper extremity,,,squamous cell carcinoma,histopathology,,,,,,,,False,,,,male,,,,,,dermoscopic,,600,450
5aaf138a1165976913632054,ISIC_0027550,65,upper extremity,,,squamous cell carcinoma,histopathology,,,,,,,,False,,,,female,,,,,,dermoscopic,,600,450
5aaf138d11659769136321ae,ISIC_0027577,55,head/neck,,,squamous cell carcinoma,histopathology,,,,,,,,False,,,,male,,,,,,dermoscopic,,600,450
5aaf139711659769136326b9,ISIC_0027678,60,posterior torso,,,squamous cell carcinoma,histopathology,,,,,,,,False,,,,male,,,,,,dermoscopic,,600,450
5aaf139911659769136327d1,ISIC_0027700,80,upper extremity,,,squamous cell carcinoma,histopathology,,,,,,,,False,,,,male,,,,,,dermoscopic,,600,450
5aaf139a1165976913632838,ISIC_0027708,50,head/neck,,,squamous cell carcinoma,histopathology,,,,,,,,False,,,,female,,,,,,dermoscopic,,600,450
5aaf139b11659769136328c5,ISIC_0027719,60,posterior torso,,,squamous cell carcinoma,histopathology,,,,,,,,False,,,,male,,,,,,dermoscopic,,600,450
5aaf139e1165976913632a77,ISIC_0027753,70,upper extremity,,,squamous cell carcinoma,histopathology,,,,,,,,False,,,,male,,,,,,dermoscopic,,600,450
5aaf139f1165976913632b27,ISIC_0027767,85,posterior torso,,,squamous cell carcinoma,histopathology,,,,,,,,False,,,,male,,,,,,dermoscopic,,600,450
5aaf13a21165976913632c92,ISIC_0027795,70,head/neck,,,squamous cell carcinoma,histopathology,,,,,,,,False,,,,male,,,,,,dermoscopic,,600,450
5aaf13af116597691363334e,ISIC_0027930,60,head/neck,,,squamous cell carcinoma,histopathology,,,,,,,,False,,,,male,,,,,,dermoscopic,,600,450
5aaf13c31165976913633d56,ISIC_0028132,80,head/neck,,,squamous cell carcinoma,histopathology,,,,,,,,False,,,,female,,,,,,dermoscopic,,600,450
5aaf13c51165976913633ea8,ISIC_0028158,70,posterior torso,,,squamous cell carcinoma,histopathology,,,,,,,,False,,,,female,,,,,,dermoscopic,,600,450
5aaf13cc11659769136341f1,ISIC_0028224,40,anterior torso,,,squamous cell carcinoma,histopathology,,,,,,,,False,,,,female,,,,,,dermoscopic,,600,450
5aaf13cc1165976913634247,ISIC_0028231,80,upper extremity,,,squamous cell carcinoma,histopathology,,,,,,,,False,,,,male,,,,,,dermoscopic,,600,450
5aaf13cc1165976913634256,ISIC_0028232,60,head/neck,,,squamous cell carcinoma,histopathology,,,,,,,,False,,,,male,,,,,,dermoscopic,,600,450
5aaf13d6116597691363477b,ISIC_0028335,60,lower extremity,,,squamous cell carcinoma,histopathology,,,,,,,,False,,,,female,,,,,,dermoscopic,,600,450
5aaf13da1165976913634952,ISIC_0028372,55,upper extremity,,,squamous cell carcinoma,histopathology,,,,,,,,False,,,,female,,,,,,dermoscopic,,600,450
5aaf13db11659769136349c3,ISIC_0028381,55,head/neck,,,squamous cell carcinoma,histopathology,,,,,,,,False,,,,female,,,,,,dermoscopic,,600,450
5aaf13e61165976913634f9f,ISIC_0028499,80,upper extremity,,,squamous cell carcinoma,histopathology,,,,,,,,False,,,,female,,,,,,dermoscopic,,600,450
5aaf13f411659769136356d6,ISIC_0028644,65,anterior torso,,,squamous cell carcinoma,histopathology,,,,,,,,False,,,,female,,,,,,dermoscopic,,600,450
5aaf13f61165976913635797,ISIC_0028659,70,upper extremity,,,squamous cell carcinoma,histopathology,,,,,,,,False,,,,female,,,,,,dermoscopic,,600,450
5aaf13fd1165976913635b1f,ISIC_0028730,65,lower extremity,,,squamous cell carcinoma,histopathology,,,,,,,,False,,,,male,,,,,,dermoscopic,,600,450
5aaf14001165976913635cbb,ISIC_0028763,85,upper extremity,,,squamous cell carcinoma,histopathology,,,,,,,,False,,,,male,,,,,,dermoscopic,,600,450
5aaf14031165976913635e59,ISIC_0028795,50,upper extremity,,,squamous cell carcinoma,histopathology,,,,,,,,False,,,,male,,,,,,dermoscopic,,600,450
5aaf14051165976913635f64,ISIC_0028816,60,head/neck,,,squamous cell carcinoma,histopathology,,,,,,,,False,,,,male,,,,,,dermoscopic,,600,450
5aaf140a1165976913636233,ISIC_0028872,55,lower extremity,,,squamous cell carcinoma,histopathology,,,,,,,,False,,,,male,,,,,,dermoscopic,,600,450
5aaf141711659769136368ad,ISIC_0029002,55,head/neck,,,squamous cell carcinoma,histopathology,,,,,,,,False,,,,male,,,,,,dermoscopic,,600,450
5aaf141b1165976913636ab9,ISIC_0029043,70,lower extremity,,,squamous cell carcinoma,histopathology,,,,,,,,False,,,,male,,,,,,dermoscopic,,600,450
5aaf141c1165976913636b80,ISIC_0029059,80,lower extremity,,,squamous cell carcinoma,histopathology,,,,,,,,False,,,,female,,,,,,dermoscopic,,600,450
5aaf141d1165976913636bef,ISIC_0029067,65,upper extremity,,,squamous cell carcinoma,histopathology,,,,,,,,False,,,,male,,,,,,dermoscopic,,600,450
5aaf143211659769136375fa,ISIC_0029268,85,upper extremity,,,squamous cell carcinoma,histopathology,,,,,,,,False,,,,male,,,,,,dermoscopic,,600,450
5aaf14321165976913637679,ISIC_0029279,80,lower extremity,,,squamous cell carcinoma,histopathology,,,,,,,,False,,,,male,,,,,,dermoscopic,,600,450
5aaf1436116597691363784b,ISIC_0029315,75,lower extremity,,,squamous cell carcinoma,histopathology,,,,,,,,False,,,,male,,,,,,dermoscopic,,600,450
5aaf143b1165976913637a87,ISIC_0029360,70,upper extremity,,,squamous cell carcinoma,histopathology,,,,,,,,False,,,,male,,,,,,dermoscopic,,600,450
5aaf143b1165976913637aa1,ISIC_0029362,80,head/neck,,,squamous cell carcinoma,histopathology,,,,,,,,False,,,,female,,,,,,dermoscopic,,600,450
5aaf143c1165976913637b1d,ISIC_0029371,45,posterior torso,,,squamous cell carcinoma,histopathology,,,,,,,,False,,,,male,,,,,,dermoscopic,,600,450
5aaf14411165976913637d63,ISIC_0029417,80,head/neck,,,squamous cell carcinoma,histopathology,,,,,,,,False,,,,female,,,,,,dermoscopic,,600,450
5aaf14451165976913637f9d,ISIC_0029462,60,posterior torso,,,squamous cell carcinoma,histopathology,,,,,,,,False,,,,male,,,,,,dermoscopic,,600,450
5aaf144c1165976913638325,ISIC_0029533,70,lower extremity,,,squamous cell carcinoma,histopathology,,,,,,,,False,,,,male,,,,,,dermoscopic,,600,450
5aaf144d1165976913638391,ISIC_0029541,55,head/neck,,,squamous cell carcinoma,histopathology,,,,,,,,False,,,,male,,,,,,dermoscopic,,600,450
5aaf144d11659769136383f3,ISIC_0029549,70,posterior torso,,,squamous cell carcinoma,histopathology,,,,,,,,False,,,,male,,,,,,dermoscopic,,600,450
5aaf144f11659769136384a8,ISIC_0029563,85,upper extremity,,,squamous cell carcinoma,histopathology,,,,,,,,False,,,,male,,,,,,dermoscopic,,600,450
5aaf144f11659769136384d6,ISIC_0029567,70,lower extremity,,,squamous cell carcinoma,histopathology,,,,,,,,False,,,,male,,,,,,dermoscopic,,600,450
5aaf14501165976913638522,ISIC_0029573,70,lower extremity,,,squamous cell carcinoma,histopathology,,,,,,,,False,,,,male,,,,,,dermoscopic,,600,450
5aaf14511165976913638599,ISIC_0029582,75,lower extremity,,,squamous cell carcinoma,histopathology,,,,,,,,False,,,,male,,,,,,dermoscopic,,600,450
5aaf14521165976913638665,ISIC_0029598,55,head/neck,,,squamous cell carcinoma,histopathology,,,,,,,,False,,,,male,,,,,,dermoscopic,,600,450
5aaf14531165976913638702,ISIC_0029610,85,upper extremity,,,squamous cell carcinoma,histopathology,,,,,,,,False,,,,male,,,,,,dermoscopic,,600,450
5aaf1456116597691363882d,ISIC_0029634,60,head/neck,,,squamous cell carcinoma,histopathology,,,,,,,,False,,,,male,,,,,,dermoscopic,,600,450
5aaf14561165976913638864,ISIC_0029638,75,lower extremity,,,squamous cell carcinoma,histopathology,,,,,,,,False,,,,female,,,,,,dermoscopic,,600,450
5aaf145e1165976913638c3e,ISIC_0029715,70,lower extremity,,,squamous cell carcinoma,histopathology,,,,,,,,False,,,,male,,,,,,dermoscopic,,600,450
5aaf1467116597691363910e,ISIC_0029811,65,upper extremity,,,squamous cell carcinoma,histopathology,,,,,,,,False,,,,male,,,,,,dermoscopic,,600,450
5aaf146b1165976913639306,ISIC_0029851,80,lower extremity,,,squamous cell carcinoma,histopathology,,,,,,,,False,,,,male,,,,,,dermoscopic,,600,450
5aaf146c1165976913639380,ISIC_0029860,85,anterior torso,,,squamous cell carcinoma,histopathology,,,,,,,,False,,,,male,,,,,,dermoscopic,,600,450
5aaf14731165976913639717,ISIC_0029932,70,upper extremity,,,squamous cell carcinoma,histopathology,,,,,,,,False,,,,female,,,,,,dermoscopic,,600,450
5aaf14821165976913639e51,ISIC_0030076,85,upper extremity,,,squamous cell carcinoma,histopathology,,,,,,,,False,,,,female,,,,,,dermoscopic,,600,450
5aaf148a116597691363a26a,ISIC_0030158,55,upper extremity,,,squamous cell carcinoma,histopathology,,,,,,,,False,,,,male,,,,,,dermoscopic,,600,450
5aaf148c116597691363a344,ISIC_0030175,85,upper extremity,,,squamous cell carcinoma,histopathology,,,,,,,,False,,,,female,,,,,,dermoscopic,,600,450
